#
# TABLE STRUCTURE FOR: Chat
#

DROP TABLE IF EXISTS `Chat`;

CREATE TABLE `Chat` (
  `idChat` int(11) NOT NULL AUTO_INCREMENT,
  `soob` varchar(45) COLLATE utf8mb4_unicode_ci NOT NULL,
  `date` date NOT NULL,
  PRIMARY KEY (`idChat`)
) ENGINE=InnoDB AUTO_INCREMENT=101 DEFAULT CHARSET=utf8mb4 COLLATE=utf8mb4_unicode_ci;

INSERT INTO `Chat` (`idChat`, `soob`, `date`) VALUES (1, '4', '2012-02-09');
INSERT INTO `Chat` (`idChat`, `soob`, `date`) VALUES (2, '2', '1980-02-16');
INSERT INTO `Chat` (`idChat`, `soob`, `date`) VALUES (3, '4', '2018-10-09');
INSERT INTO `Chat` (`idChat`, `soob`, `date`) VALUES (4, '5', '2019-05-17');
INSERT INTO `Chat` (`idChat`, `soob`, `date`) VALUES (5, '3', '2022-04-16');
INSERT INTO `Chat` (`idChat`, `soob`, `date`) VALUES (6, '6', '1990-01-21');
INSERT INTO `Chat` (`idChat`, `soob`, `date`) VALUES (7, '8', '1983-10-30');
INSERT INTO `Chat` (`idChat`, `soob`, `date`) VALUES (8, '4', '1972-10-19');
INSERT INTO `Chat` (`idChat`, `soob`, `date`) VALUES (9, '6', '2016-09-12');
INSERT INTO `Chat` (`idChat`, `soob`, `date`) VALUES (10, '4', '2004-01-21');
INSERT INTO `Chat` (`idChat`, `soob`, `date`) VALUES (11, '8', '2011-02-17');
INSERT INTO `Chat` (`idChat`, `soob`, `date`) VALUES (12, '9', '1988-02-28');
INSERT INTO `Chat` (`idChat`, `soob`, `date`) VALUES (13, '4', '1990-09-27');
INSERT INTO `Chat` (`idChat`, `soob`, `date`) VALUES (14, '7', '2018-11-26');
INSERT INTO `Chat` (`idChat`, `soob`, `date`) VALUES (15, '4', '1985-08-17');
INSERT INTO `Chat` (`idChat`, `soob`, `date`) VALUES (16, '6', '1973-12-24');
INSERT INTO `Chat` (`idChat`, `soob`, `date`) VALUES (17, '8', '2006-09-23');
INSERT INTO `Chat` (`idChat`, `soob`, `date`) VALUES (18, '8', '2000-10-04');
INSERT INTO `Chat` (`idChat`, `soob`, `date`) VALUES (19, '1', '2018-04-09');
INSERT INTO `Chat` (`idChat`, `soob`, `date`) VALUES (20, '6', '2017-12-09');
INSERT INTO `Chat` (`idChat`, `soob`, `date`) VALUES (21, '6', '2015-09-13');
INSERT INTO `Chat` (`idChat`, `soob`, `date`) VALUES (22, '7', '2011-01-26');
INSERT INTO `Chat` (`idChat`, `soob`, `date`) VALUES (23, '4', '2004-12-19');
INSERT INTO `Chat` (`idChat`, `soob`, `date`) VALUES (24, '2', '2022-06-24');
INSERT INTO `Chat` (`idChat`, `soob`, `date`) VALUES (25, '7', '1992-02-09');
INSERT INTO `Chat` (`idChat`, `soob`, `date`) VALUES (26, '2', '2000-11-13');
INSERT INTO `Chat` (`idChat`, `soob`, `date`) VALUES (27, '2', '2014-02-11');
INSERT INTO `Chat` (`idChat`, `soob`, `date`) VALUES (28, '5', '2019-04-19');
INSERT INTO `Chat` (`idChat`, `soob`, `date`) VALUES (29, '4', '1976-08-31');
INSERT INTO `Chat` (`idChat`, `soob`, `date`) VALUES (30, '5', '2004-04-17');
INSERT INTO `Chat` (`idChat`, `soob`, `date`) VALUES (31, '4', '1992-06-11');
INSERT INTO `Chat` (`idChat`, `soob`, `date`) VALUES (32, '6', '1979-12-07');
INSERT INTO `Chat` (`idChat`, `soob`, `date`) VALUES (33, '9', '2009-07-20');
INSERT INTO `Chat` (`idChat`, `soob`, `date`) VALUES (34, '3', '1977-07-19');
INSERT INTO `Chat` (`idChat`, `soob`, `date`) VALUES (35, '7', '2011-04-06');
INSERT INTO `Chat` (`idChat`, `soob`, `date`) VALUES (36, '3', '2011-01-28');
INSERT INTO `Chat` (`idChat`, `soob`, `date`) VALUES (37, '3', '1985-05-09');
INSERT INTO `Chat` (`idChat`, `soob`, `date`) VALUES (38, '2', '2017-05-25');
INSERT INTO `Chat` (`idChat`, `soob`, `date`) VALUES (39, '7', '1991-01-08');
INSERT INTO `Chat` (`idChat`, `soob`, `date`) VALUES (40, '7', '1990-08-06');
INSERT INTO `Chat` (`idChat`, `soob`, `date`) VALUES (41, '8', '1989-08-14');
INSERT INTO `Chat` (`idChat`, `soob`, `date`) VALUES (42, '5', '2022-06-30');
INSERT INTO `Chat` (`idChat`, `soob`, `date`) VALUES (43, '3', '1982-12-14');
INSERT INTO `Chat` (`idChat`, `soob`, `date`) VALUES (44, '2', '1982-01-01');
INSERT INTO `Chat` (`idChat`, `soob`, `date`) VALUES (45, '1', '1988-03-13');
INSERT INTO `Chat` (`idChat`, `soob`, `date`) VALUES (46, '4', '2010-05-16');
INSERT INTO `Chat` (`idChat`, `soob`, `date`) VALUES (47, '1', '2001-08-14');
INSERT INTO `Chat` (`idChat`, `soob`, `date`) VALUES (48, '8', '2000-03-28');
INSERT INTO `Chat` (`idChat`, `soob`, `date`) VALUES (49, '1', '1989-08-13');
INSERT INTO `Chat` (`idChat`, `soob`, `date`) VALUES (50, '6', '2017-02-07');
INSERT INTO `Chat` (`idChat`, `soob`, `date`) VALUES (51, '1', '2008-03-09');
INSERT INTO `Chat` (`idChat`, `soob`, `date`) VALUES (52, '5', '2017-12-29');
INSERT INTO `Chat` (`idChat`, `soob`, `date`) VALUES (53, '4', '1982-11-17');
INSERT INTO `Chat` (`idChat`, `soob`, `date`) VALUES (54, '1', '2013-06-26');
INSERT INTO `Chat` (`idChat`, `soob`, `date`) VALUES (55, '3', '1993-02-05');
INSERT INTO `Chat` (`idChat`, `soob`, `date`) VALUES (56, '9', '2001-06-16');
INSERT INTO `Chat` (`idChat`, `soob`, `date`) VALUES (57, '1', '1997-06-14');
INSERT INTO `Chat` (`idChat`, `soob`, `date`) VALUES (58, '7', '2022-08-19');
INSERT INTO `Chat` (`idChat`, `soob`, `date`) VALUES (59, '9', '1988-07-29');
INSERT INTO `Chat` (`idChat`, `soob`, `date`) VALUES (60, '7', '1987-05-08');
INSERT INTO `Chat` (`idChat`, `soob`, `date`) VALUES (61, '6', '2010-11-23');
INSERT INTO `Chat` (`idChat`, `soob`, `date`) VALUES (62, '5', '2006-02-11');
INSERT INTO `Chat` (`idChat`, `soob`, `date`) VALUES (63, '6', '2004-07-03');
INSERT INTO `Chat` (`idChat`, `soob`, `date`) VALUES (64, '2', '1990-12-29');
INSERT INTO `Chat` (`idChat`, `soob`, `date`) VALUES (65, '3', '2006-07-11');
INSERT INTO `Chat` (`idChat`, `soob`, `date`) VALUES (66, '9', '2019-03-23');
INSERT INTO `Chat` (`idChat`, `soob`, `date`) VALUES (67, '9', '1998-11-12');
INSERT INTO `Chat` (`idChat`, `soob`, `date`) VALUES (68, '3', '1998-12-31');
INSERT INTO `Chat` (`idChat`, `soob`, `date`) VALUES (69, '6', '1997-08-09');
INSERT INTO `Chat` (`idChat`, `soob`, `date`) VALUES (70, '2', '1978-06-02');
INSERT INTO `Chat` (`idChat`, `soob`, `date`) VALUES (71, '5', '1973-01-04');
INSERT INTO `Chat` (`idChat`, `soob`, `date`) VALUES (72, '9', '1971-08-26');
INSERT INTO `Chat` (`idChat`, `soob`, `date`) VALUES (73, '8', '2020-05-11');
INSERT INTO `Chat` (`idChat`, `soob`, `date`) VALUES (74, '8', '2014-08-31');
INSERT INTO `Chat` (`idChat`, `soob`, `date`) VALUES (75, '2', '2013-01-14');
INSERT INTO `Chat` (`idChat`, `soob`, `date`) VALUES (76, '8', '1992-08-10');
INSERT INTO `Chat` (`idChat`, `soob`, `date`) VALUES (77, '3', '2021-04-15');
INSERT INTO `Chat` (`idChat`, `soob`, `date`) VALUES (78, '9', '2004-05-12');
INSERT INTO `Chat` (`idChat`, `soob`, `date`) VALUES (79, '8', '1995-03-27');
INSERT INTO `Chat` (`idChat`, `soob`, `date`) VALUES (80, '8', '1991-09-05');
INSERT INTO `Chat` (`idChat`, `soob`, `date`) VALUES (81, '5', '2008-08-02');
INSERT INTO `Chat` (`idChat`, `soob`, `date`) VALUES (82, '2', '2002-04-21');
INSERT INTO `Chat` (`idChat`, `soob`, `date`) VALUES (83, '6', '2015-03-25');
INSERT INTO `Chat` (`idChat`, `soob`, `date`) VALUES (84, '4', '1984-09-06');
INSERT INTO `Chat` (`idChat`, `soob`, `date`) VALUES (85, '4', '2001-10-28');
INSERT INTO `Chat` (`idChat`, `soob`, `date`) VALUES (86, '5', '2014-01-24');
INSERT INTO `Chat` (`idChat`, `soob`, `date`) VALUES (87, '8', '2009-07-17');
INSERT INTO `Chat` (`idChat`, `soob`, `date`) VALUES (88, '3', '1975-11-10');
INSERT INTO `Chat` (`idChat`, `soob`, `date`) VALUES (89, '3', '1980-02-03');
INSERT INTO `Chat` (`idChat`, `soob`, `date`) VALUES (90, '5', '1984-11-04');
INSERT INTO `Chat` (`idChat`, `soob`, `date`) VALUES (91, '3', '2021-05-24');
INSERT INTO `Chat` (`idChat`, `soob`, `date`) VALUES (92, '5', '2008-01-11');
INSERT INTO `Chat` (`idChat`, `soob`, `date`) VALUES (93, '4', '1992-09-06');
INSERT INTO `Chat` (`idChat`, `soob`, `date`) VALUES (94, '5', '2020-05-28');
INSERT INTO `Chat` (`idChat`, `soob`, `date`) VALUES (95, '5', '1980-03-25');
INSERT INTO `Chat` (`idChat`, `soob`, `date`) VALUES (96, '6', '1994-02-17');
INSERT INTO `Chat` (`idChat`, `soob`, `date`) VALUES (97, '7', '2011-12-10');
INSERT INTO `Chat` (`idChat`, `soob`, `date`) VALUES (98, '7', '2018-09-23');
INSERT INTO `Chat` (`idChat`, `soob`, `date`) VALUES (99, '3', '2017-02-20');
INSERT INTO `Chat` (`idChat`, `soob`, `date`) VALUES (100, '5', '2020-12-27');


#
# TABLE STRUCTURE FOR: Comments
#

DROP TABLE IF EXISTS `Comments`;

CREATE TABLE `Comments` (
  `idComments` int(11) NOT NULL AUTO_INCREMENT,
  `idUser` int(11) NOT NULL,
  `Game` int(11) NOT NULL,
  PRIMARY KEY (`idComments`)
) ENGINE=InnoDB AUTO_INCREMENT=101 DEFAULT CHARSET=utf8mb4 COLLATE=utf8mb4_unicode_ci;

INSERT INTO `Comments` (`idComments`, `idUser`, `Game`) VALUES (1, 6, 8);
INSERT INTO `Comments` (`idComments`, `idUser`, `Game`) VALUES (2, 0, 8);
INSERT INTO `Comments` (`idComments`, `idUser`, `Game`) VALUES (3, 0, 4);
INSERT INTO `Comments` (`idComments`, `idUser`, `Game`) VALUES (4, 4, 8);
INSERT INTO `Comments` (`idComments`, `idUser`, `Game`) VALUES (5, 0, 6);
INSERT INTO `Comments` (`idComments`, `idUser`, `Game`) VALUES (6, 4, 2);
INSERT INTO `Comments` (`idComments`, `idUser`, `Game`) VALUES (7, 2, 2);
INSERT INTO `Comments` (`idComments`, `idUser`, `Game`) VALUES (8, 0, 5);
INSERT INTO `Comments` (`idComments`, `idUser`, `Game`) VALUES (9, 9, 2);
INSERT INTO `Comments` (`idComments`, `idUser`, `Game`) VALUES (10, 9, 5);
INSERT INTO `Comments` (`idComments`, `idUser`, `Game`) VALUES (11, 9, 5);
INSERT INTO `Comments` (`idComments`, `idUser`, `Game`) VALUES (12, 9, 7);
INSERT INTO `Comments` (`idComments`, `idUser`, `Game`) VALUES (13, 8, 6);
INSERT INTO `Comments` (`idComments`, `idUser`, `Game`) VALUES (14, 8, 5);
INSERT INTO `Comments` (`idComments`, `idUser`, `Game`) VALUES (15, 2, 6);
INSERT INTO `Comments` (`idComments`, `idUser`, `Game`) VALUES (16, 6, 6);
INSERT INTO `Comments` (`idComments`, `idUser`, `Game`) VALUES (17, 0, 6);
INSERT INTO `Comments` (`idComments`, `idUser`, `Game`) VALUES (18, 3, 1);
INSERT INTO `Comments` (`idComments`, `idUser`, `Game`) VALUES (19, 0, 9);
INSERT INTO `Comments` (`idComments`, `idUser`, `Game`) VALUES (20, 5, 5);
INSERT INTO `Comments` (`idComments`, `idUser`, `Game`) VALUES (21, 3, 3);
INSERT INTO `Comments` (`idComments`, `idUser`, `Game`) VALUES (22, 8, 6);
INSERT INTO `Comments` (`idComments`, `idUser`, `Game`) VALUES (23, 7, 4);
INSERT INTO `Comments` (`idComments`, `idUser`, `Game`) VALUES (24, 1, 7);
INSERT INTO `Comments` (`idComments`, `idUser`, `Game`) VALUES (25, 1, 1);
INSERT INTO `Comments` (`idComments`, `idUser`, `Game`) VALUES (26, 6, 7);
INSERT INTO `Comments` (`idComments`, `idUser`, `Game`) VALUES (27, 6, 7);
INSERT INTO `Comments` (`idComments`, `idUser`, `Game`) VALUES (28, 3, 1);
INSERT INTO `Comments` (`idComments`, `idUser`, `Game`) VALUES (29, 1, 9);
INSERT INTO `Comments` (`idComments`, `idUser`, `Game`) VALUES (30, 3, 8);
INSERT INTO `Comments` (`idComments`, `idUser`, `Game`) VALUES (31, 9, 9);
INSERT INTO `Comments` (`idComments`, `idUser`, `Game`) VALUES (32, 1, 5);
INSERT INTO `Comments` (`idComments`, `idUser`, `Game`) VALUES (33, 7, 8);
INSERT INTO `Comments` (`idComments`, `idUser`, `Game`) VALUES (34, 9, 8);
INSERT INTO `Comments` (`idComments`, `idUser`, `Game`) VALUES (35, 6, 7);
INSERT INTO `Comments` (`idComments`, `idUser`, `Game`) VALUES (36, 1, 9);
INSERT INTO `Comments` (`idComments`, `idUser`, `Game`) VALUES (37, 3, 3);
INSERT INTO `Comments` (`idComments`, `idUser`, `Game`) VALUES (38, 7, 5);
INSERT INTO `Comments` (`idComments`, `idUser`, `Game`) VALUES (39, 4, 9);
INSERT INTO `Comments` (`idComments`, `idUser`, `Game`) VALUES (40, 5, 9);
INSERT INTO `Comments` (`idComments`, `idUser`, `Game`) VALUES (41, 3, 4);
INSERT INTO `Comments` (`idComments`, `idUser`, `Game`) VALUES (42, 0, 5);
INSERT INTO `Comments` (`idComments`, `idUser`, `Game`) VALUES (43, 2, 8);
INSERT INTO `Comments` (`idComments`, `idUser`, `Game`) VALUES (44, 1, 6);
INSERT INTO `Comments` (`idComments`, `idUser`, `Game`) VALUES (45, 1, 6);
INSERT INTO `Comments` (`idComments`, `idUser`, `Game`) VALUES (46, 1, 6);
INSERT INTO `Comments` (`idComments`, `idUser`, `Game`) VALUES (47, 8, 4);
INSERT INTO `Comments` (`idComments`, `idUser`, `Game`) VALUES (48, 3, 5);
INSERT INTO `Comments` (`idComments`, `idUser`, `Game`) VALUES (49, 9, 2);
INSERT INTO `Comments` (`idComments`, `idUser`, `Game`) VALUES (50, 4, 2);
INSERT INTO `Comments` (`idComments`, `idUser`, `Game`) VALUES (51, 6, 4);
INSERT INTO `Comments` (`idComments`, `idUser`, `Game`) VALUES (52, 9, 3);
INSERT INTO `Comments` (`idComments`, `idUser`, `Game`) VALUES (53, 6, 6);
INSERT INTO `Comments` (`idComments`, `idUser`, `Game`) VALUES (54, 9, 5);
INSERT INTO `Comments` (`idComments`, `idUser`, `Game`) VALUES (55, 7, 8);
INSERT INTO `Comments` (`idComments`, `idUser`, `Game`) VALUES (56, 4, 4);
INSERT INTO `Comments` (`idComments`, `idUser`, `Game`) VALUES (57, 9, 7);
INSERT INTO `Comments` (`idComments`, `idUser`, `Game`) VALUES (58, 8, 1);
INSERT INTO `Comments` (`idComments`, `idUser`, `Game`) VALUES (59, 8, 1);
INSERT INTO `Comments` (`idComments`, `idUser`, `Game`) VALUES (60, 9, 9);
INSERT INTO `Comments` (`idComments`, `idUser`, `Game`) VALUES (61, 5, 4);
INSERT INTO `Comments` (`idComments`, `idUser`, `Game`) VALUES (62, 5, 5);
INSERT INTO `Comments` (`idComments`, `idUser`, `Game`) VALUES (63, 3, 3);
INSERT INTO `Comments` (`idComments`, `idUser`, `Game`) VALUES (64, 3, 5);
INSERT INTO `Comments` (`idComments`, `idUser`, `Game`) VALUES (65, 5, 6);
INSERT INTO `Comments` (`idComments`, `idUser`, `Game`) VALUES (66, 3, 8);
INSERT INTO `Comments` (`idComments`, `idUser`, `Game`) VALUES (67, 0, 5);
INSERT INTO `Comments` (`idComments`, `idUser`, `Game`) VALUES (68, 7, 4);
INSERT INTO `Comments` (`idComments`, `idUser`, `Game`) VALUES (69, 1, 1);
INSERT INTO `Comments` (`idComments`, `idUser`, `Game`) VALUES (70, 4, 1);
INSERT INTO `Comments` (`idComments`, `idUser`, `Game`) VALUES (71, 3, 1);
INSERT INTO `Comments` (`idComments`, `idUser`, `Game`) VALUES (72, 7, 5);
INSERT INTO `Comments` (`idComments`, `idUser`, `Game`) VALUES (73, 5, 2);
INSERT INTO `Comments` (`idComments`, `idUser`, `Game`) VALUES (74, 1, 5);
INSERT INTO `Comments` (`idComments`, `idUser`, `Game`) VALUES (75, 2, 9);
INSERT INTO `Comments` (`idComments`, `idUser`, `Game`) VALUES (76, 2, 3);
INSERT INTO `Comments` (`idComments`, `idUser`, `Game`) VALUES (77, 5, 5);
INSERT INTO `Comments` (`idComments`, `idUser`, `Game`) VALUES (78, 1, 6);
INSERT INTO `Comments` (`idComments`, `idUser`, `Game`) VALUES (79, 6, 1);
INSERT INTO `Comments` (`idComments`, `idUser`, `Game`) VALUES (80, 3, 9);
INSERT INTO `Comments` (`idComments`, `idUser`, `Game`) VALUES (81, 9, 4);
INSERT INTO `Comments` (`idComments`, `idUser`, `Game`) VALUES (82, 9, 4);
INSERT INTO `Comments` (`idComments`, `idUser`, `Game`) VALUES (83, 5, 6);
INSERT INTO `Comments` (`idComments`, `idUser`, `Game`) VALUES (84, 0, 6);
INSERT INTO `Comments` (`idComments`, `idUser`, `Game`) VALUES (85, 5, 6);
INSERT INTO `Comments` (`idComments`, `idUser`, `Game`) VALUES (86, 1, 3);
INSERT INTO `Comments` (`idComments`, `idUser`, `Game`) VALUES (87, 8, 3);
INSERT INTO `Comments` (`idComments`, `idUser`, `Game`) VALUES (88, 9, 8);
INSERT INTO `Comments` (`idComments`, `idUser`, `Game`) VALUES (89, 4, 3);
INSERT INTO `Comments` (`idComments`, `idUser`, `Game`) VALUES (90, 9, 4);
INSERT INTO `Comments` (`idComments`, `idUser`, `Game`) VALUES (91, 6, 6);
INSERT INTO `Comments` (`idComments`, `idUser`, `Game`) VALUES (92, 7, 1);
INSERT INTO `Comments` (`idComments`, `idUser`, `Game`) VALUES (93, 5, 7);
INSERT INTO `Comments` (`idComments`, `idUser`, `Game`) VALUES (94, 4, 8);
INSERT INTO `Comments` (`idComments`, `idUser`, `Game`) VALUES (95, 9, 4);
INSERT INTO `Comments` (`idComments`, `idUser`, `Game`) VALUES (96, 5, 3);
INSERT INTO `Comments` (`idComments`, `idUser`, `Game`) VALUES (97, 9, 2);
INSERT INTO `Comments` (`idComments`, `idUser`, `Game`) VALUES (98, 2, 3);
INSERT INTO `Comments` (`idComments`, `idUser`, `Game`) VALUES (99, 1, 2);
INSERT INTO `Comments` (`idComments`, `idUser`, `Game`) VALUES (100, 8, 1);


#
# TABLE STRUCTURE FOR: Dela
#

DROP TABLE IF EXISTS `Dela`;

CREATE TABLE `Dela` (
  `idDela` int(11) NOT NULL AUTO_INCREMENT,
  `from_user` int(11) NOT NULL,
  `friend_id` int(11) NOT NULL,
  PRIMARY KEY (`idDela`)
) ENGINE=InnoDB AUTO_INCREMENT=101 DEFAULT CHARSET=utf8mb4 COLLATE=utf8mb4_unicode_ci;

INSERT INTO `Dela` (`idDela`, `from_user`, `friend_id`) VALUES (1, 0, 9);
INSERT INTO `Dela` (`idDela`, `from_user`, `friend_id`) VALUES (2, 0, 428484);
INSERT INTO `Dela` (`idDela`, `from_user`, `friend_id`) VALUES (3, 0, 348127);
INSERT INTO `Dela` (`idDela`, `from_user`, `friend_id`) VALUES (4, 0, 10408);
INSERT INTO `Dela` (`idDela`, `from_user`, `friend_id`) VALUES (5, 0, 58);
INSERT INTO `Dela` (`idDela`, `from_user`, `friend_id`) VALUES (6, 0, 6);
INSERT INTO `Dela` (`idDela`, `from_user`, `friend_id`) VALUES (7, 0, 3133);
INSERT INTO `Dela` (`idDela`, `from_user`, `friend_id`) VALUES (8, 0, 2035);
INSERT INTO `Dela` (`idDela`, `from_user`, `friend_id`) VALUES (9, 0, 44149504);
INSERT INTO `Dela` (`idDela`, `from_user`, `friend_id`) VALUES (10, 0, 14);
INSERT INTO `Dela` (`idDela`, `from_user`, `friend_id`) VALUES (11, 0, 2522);
INSERT INTO `Dela` (`idDela`, `from_user`, `friend_id`) VALUES (12, 0, 26796);
INSERT INTO `Dela` (`idDela`, `from_user`, `friend_id`) VALUES (13, 0, 14894081);
INSERT INTO `Dela` (`idDela`, `from_user`, `friend_id`) VALUES (14, 0, 172437);
INSERT INTO `Dela` (`idDela`, `from_user`, `friend_id`) VALUES (15, 0, 3);
INSERT INTO `Dela` (`idDela`, `from_user`, `friend_id`) VALUES (16, 0, 612580669);
INSERT INTO `Dela` (`idDela`, `from_user`, `friend_id`) VALUES (17, 0, 7642);
INSERT INTO `Dela` (`idDela`, `from_user`, `friend_id`) VALUES (18, 0, 346);
INSERT INTO `Dela` (`idDela`, `from_user`, `friend_id`) VALUES (19, 0, 0);
INSERT INTO `Dela` (`idDela`, `from_user`, `friend_id`) VALUES (20, 0, 721289186);
INSERT INTO `Dela` (`idDela`, `from_user`, `friend_id`) VALUES (21, 0, 391656095);
INSERT INTO `Dela` (`idDela`, `from_user`, `friend_id`) VALUES (22, 0, 3935);
INSERT INTO `Dela` (`idDela`, `from_user`, `friend_id`) VALUES (23, 0, 9);
INSERT INTO `Dela` (`idDela`, `from_user`, `friend_id`) VALUES (24, 0, 0);
INSERT INTO `Dela` (`idDela`, `from_user`, `friend_id`) VALUES (25, 0, 954);
INSERT INTO `Dela` (`idDela`, `from_user`, `friend_id`) VALUES (26, 0, 53495);
INSERT INTO `Dela` (`idDela`, `from_user`, `friend_id`) VALUES (27, 0, 403312701);
INSERT INTO `Dela` (`idDela`, `from_user`, `friend_id`) VALUES (28, 0, 9);
INSERT INTO `Dela` (`idDela`, `from_user`, `friend_id`) VALUES (29, 0, 10197);
INSERT INTO `Dela` (`idDela`, `from_user`, `friend_id`) VALUES (30, 0, 59);
INSERT INTO `Dela` (`idDela`, `from_user`, `friend_id`) VALUES (31, 0, 4537);
INSERT INTO `Dela` (`idDela`, `from_user`, `friend_id`) VALUES (32, 0, 1294);
INSERT INTO `Dela` (`idDela`, `from_user`, `friend_id`) VALUES (33, 0, 527);
INSERT INTO `Dela` (`idDela`, `from_user`, `friend_id`) VALUES (34, 0, 137919);
INSERT INTO `Dela` (`idDela`, `from_user`, `friend_id`) VALUES (35, 0, 416187404);
INSERT INTO `Dela` (`idDela`, `from_user`, `friend_id`) VALUES (36, 0, 543743363);
INSERT INTO `Dela` (`idDela`, `from_user`, `friend_id`) VALUES (37, 0, 2726);
INSERT INTO `Dela` (`idDela`, `from_user`, `friend_id`) VALUES (38, 0, 2393686);
INSERT INTO `Dela` (`idDela`, `from_user`, `friend_id`) VALUES (39, 0, 5832);
INSERT INTO `Dela` (`idDela`, `from_user`, `friend_id`) VALUES (40, 0, 9556);
INSERT INTO `Dela` (`idDela`, `from_user`, `friend_id`) VALUES (41, 0, 27771540);
INSERT INTO `Dela` (`idDela`, `from_user`, `friend_id`) VALUES (42, 0, 261);
INSERT INTO `Dela` (`idDela`, `from_user`, `friend_id`) VALUES (43, 0, 46);
INSERT INTO `Dela` (`idDela`, `from_user`, `friend_id`) VALUES (44, 0, 36);
INSERT INTO `Dela` (`idDela`, `from_user`, `friend_id`) VALUES (45, 0, 82);
INSERT INTO `Dela` (`idDela`, `from_user`, `friend_id`) VALUES (46, 0, 8509914);
INSERT INTO `Dela` (`idDela`, `from_user`, `friend_id`) VALUES (47, 0, 50014);
INSERT INTO `Dela` (`idDela`, `from_user`, `friend_id`) VALUES (48, 0, 1);
INSERT INTO `Dela` (`idDela`, `from_user`, `friend_id`) VALUES (49, 0, 0);
INSERT INTO `Dela` (`idDela`, `from_user`, `friend_id`) VALUES (50, 0, 28609788);
INSERT INTO `Dela` (`idDela`, `from_user`, `friend_id`) VALUES (51, 0, 56614814);
INSERT INTO `Dela` (`idDela`, `from_user`, `friend_id`) VALUES (52, 0, 1023611);
INSERT INTO `Dela` (`idDela`, `from_user`, `friend_id`) VALUES (53, 0, 3221804);
INSERT INTO `Dela` (`idDela`, `from_user`, `friend_id`) VALUES (54, 0, 468);
INSERT INTO `Dela` (`idDela`, `from_user`, `friend_id`) VALUES (55, 0, 172134);
INSERT INTO `Dela` (`idDela`, `from_user`, `friend_id`) VALUES (56, 0, 0);
INSERT INTO `Dela` (`idDela`, `from_user`, `friend_id`) VALUES (57, 0, 1675716);
INSERT INTO `Dela` (`idDela`, `from_user`, `friend_id`) VALUES (58, 0, 1382);
INSERT INTO `Dela` (`idDela`, `from_user`, `friend_id`) VALUES (59, 0, 5);
INSERT INTO `Dela` (`idDela`, `from_user`, `friend_id`) VALUES (60, 0, 101091582);
INSERT INTO `Dela` (`idDela`, `from_user`, `friend_id`) VALUES (61, 0, 2);
INSERT INTO `Dela` (`idDela`, `from_user`, `friend_id`) VALUES (62, 0, 17);
INSERT INTO `Dela` (`idDela`, `from_user`, `friend_id`) VALUES (63, 0, 251);
INSERT INTO `Dela` (`idDela`, `from_user`, `friend_id`) VALUES (64, 0, 1853811);
INSERT INTO `Dela` (`idDela`, `from_user`, `friend_id`) VALUES (65, 0, 150);
INSERT INTO `Dela` (`idDela`, `from_user`, `friend_id`) VALUES (66, 0, 24226);
INSERT INTO `Dela` (`idDela`, `from_user`, `friend_id`) VALUES (67, 0, 92886);
INSERT INTO `Dela` (`idDela`, `from_user`, `friend_id`) VALUES (68, 0, 0);
INSERT INTO `Dela` (`idDela`, `from_user`, `friend_id`) VALUES (69, 0, 1);
INSERT INTO `Dela` (`idDela`, `from_user`, `friend_id`) VALUES (70, 0, 60859642);
INSERT INTO `Dela` (`idDela`, `from_user`, `friend_id`) VALUES (71, 0, 12922257);
INSERT INTO `Dela` (`idDela`, `from_user`, `friend_id`) VALUES (72, 0, 190443293);
INSERT INTO `Dela` (`idDela`, `from_user`, `friend_id`) VALUES (73, 0, 3);
INSERT INTO `Dela` (`idDela`, `from_user`, `friend_id`) VALUES (74, 0, 199594);
INSERT INTO `Dela` (`idDela`, `from_user`, `friend_id`) VALUES (75, 0, 2846601);
INSERT INTO `Dela` (`idDela`, `from_user`, `friend_id`) VALUES (76, 0, 59303312);
INSERT INTO `Dela` (`idDela`, `from_user`, `friend_id`) VALUES (77, 0, 1856823);
INSERT INTO `Dela` (`idDela`, `from_user`, `friend_id`) VALUES (78, 0, 22399);
INSERT INTO `Dela` (`idDela`, `from_user`, `friend_id`) VALUES (79, 0, 120251469);
INSERT INTO `Dela` (`idDela`, `from_user`, `friend_id`) VALUES (80, 0, 4);
INSERT INTO `Dela` (`idDela`, `from_user`, `friend_id`) VALUES (81, 0, 7209);
INSERT INTO `Dela` (`idDela`, `from_user`, `friend_id`) VALUES (82, 0, 187);
INSERT INTO `Dela` (`idDela`, `from_user`, `friend_id`) VALUES (83, 0, 20897042);
INSERT INTO `Dela` (`idDela`, `from_user`, `friend_id`) VALUES (84, 0, 4724);
INSERT INTO `Dela` (`idDela`, `from_user`, `friend_id`) VALUES (85, 0, 18010);
INSERT INTO `Dela` (`idDela`, `from_user`, `friend_id`) VALUES (86, 0, 2);
INSERT INTO `Dela` (`idDela`, `from_user`, `friend_id`) VALUES (87, 0, 63);
INSERT INTO `Dela` (`idDela`, `from_user`, `friend_id`) VALUES (88, 0, 79);
INSERT INTO `Dela` (`idDela`, `from_user`, `friend_id`) VALUES (89, 0, 32790932);
INSERT INTO `Dela` (`idDela`, `from_user`, `friend_id`) VALUES (90, 0, 844522);
INSERT INTO `Dela` (`idDela`, `from_user`, `friend_id`) VALUES (91, 0, 39406);
INSERT INTO `Dela` (`idDela`, `from_user`, `friend_id`) VALUES (92, 0, 1273);
INSERT INTO `Dela` (`idDela`, `from_user`, `friend_id`) VALUES (93, 0, 541);
INSERT INTO `Dela` (`idDela`, `from_user`, `friend_id`) VALUES (94, 0, 786329);
INSERT INTO `Dela` (`idDela`, `from_user`, `friend_id`) VALUES (95, 0, 86760547);
INSERT INTO `Dela` (`idDela`, `from_user`, `friend_id`) VALUES (96, 0, 73214133);
INSERT INTO `Dela` (`idDela`, `from_user`, `friend_id`) VALUES (97, 0, 6);
INSERT INTO `Dela` (`idDela`, `from_user`, `friend_id`) VALUES (98, 0, 4882861);
INSERT INTO `Dela` (`idDela`, `from_user`, `friend_id`) VALUES (99, 0, 29383354);
INSERT INTO `Dela` (`idDela`, `from_user`, `friend_id`) VALUES (100, 0, 19318442);


#
# TABLE STRUCTURE FOR: Delachat
#

DROP TABLE IF EXISTS `Delachat`;

CREATE TABLE `Delachat` (
  `idDelachat` int(11) NOT NULL AUTO_INCREMENT,
  `from_user` int(11) NOT NULL,
  `chat_id` int(11) NOT NULL,
  PRIMARY KEY (`idDelachat`)
) ENGINE=InnoDB AUTO_INCREMENT=101 DEFAULT CHARSET=utf8mb4 COLLATE=utf8mb4_unicode_ci;

INSERT INTO `Delachat` (`idDelachat`, `from_user`, `chat_id`) VALUES (1, 0, 0);
INSERT INTO `Delachat` (`idDelachat`, `from_user`, `chat_id`) VALUES (2, 0, 0);
INSERT INTO `Delachat` (`idDelachat`, `from_user`, `chat_id`) VALUES (3, 0, 0);
INSERT INTO `Delachat` (`idDelachat`, `from_user`, `chat_id`) VALUES (4, 0, 0);
INSERT INTO `Delachat` (`idDelachat`, `from_user`, `chat_id`) VALUES (5, 0, 0);
INSERT INTO `Delachat` (`idDelachat`, `from_user`, `chat_id`) VALUES (6, 0, 0);
INSERT INTO `Delachat` (`idDelachat`, `from_user`, `chat_id`) VALUES (7, 0, 0);
INSERT INTO `Delachat` (`idDelachat`, `from_user`, `chat_id`) VALUES (8, 0, 0);
INSERT INTO `Delachat` (`idDelachat`, `from_user`, `chat_id`) VALUES (9, 0, 0);
INSERT INTO `Delachat` (`idDelachat`, `from_user`, `chat_id`) VALUES (10, 0, 0);
INSERT INTO `Delachat` (`idDelachat`, `from_user`, `chat_id`) VALUES (11, 0, 0);
INSERT INTO `Delachat` (`idDelachat`, `from_user`, `chat_id`) VALUES (12, 0, 0);
INSERT INTO `Delachat` (`idDelachat`, `from_user`, `chat_id`) VALUES (13, 0, 0);
INSERT INTO `Delachat` (`idDelachat`, `from_user`, `chat_id`) VALUES (14, 0, 0);
INSERT INTO `Delachat` (`idDelachat`, `from_user`, `chat_id`) VALUES (15, 0, 0);
INSERT INTO `Delachat` (`idDelachat`, `from_user`, `chat_id`) VALUES (16, 0, 0);
INSERT INTO `Delachat` (`idDelachat`, `from_user`, `chat_id`) VALUES (17, 0, 0);
INSERT INTO `Delachat` (`idDelachat`, `from_user`, `chat_id`) VALUES (18, 0, 0);
INSERT INTO `Delachat` (`idDelachat`, `from_user`, `chat_id`) VALUES (19, 0, 0);
INSERT INTO `Delachat` (`idDelachat`, `from_user`, `chat_id`) VALUES (20, 0, 0);
INSERT INTO `Delachat` (`idDelachat`, `from_user`, `chat_id`) VALUES (21, 0, 0);
INSERT INTO `Delachat` (`idDelachat`, `from_user`, `chat_id`) VALUES (22, 0, 0);
INSERT INTO `Delachat` (`idDelachat`, `from_user`, `chat_id`) VALUES (23, 0, 0);
INSERT INTO `Delachat` (`idDelachat`, `from_user`, `chat_id`) VALUES (24, 0, 0);
INSERT INTO `Delachat` (`idDelachat`, `from_user`, `chat_id`) VALUES (25, 0, 0);
INSERT INTO `Delachat` (`idDelachat`, `from_user`, `chat_id`) VALUES (26, 0, 0);
INSERT INTO `Delachat` (`idDelachat`, `from_user`, `chat_id`) VALUES (27, 0, 0);
INSERT INTO `Delachat` (`idDelachat`, `from_user`, `chat_id`) VALUES (28, 0, 0);
INSERT INTO `Delachat` (`idDelachat`, `from_user`, `chat_id`) VALUES (29, 0, 0);
INSERT INTO `Delachat` (`idDelachat`, `from_user`, `chat_id`) VALUES (30, 0, 0);
INSERT INTO `Delachat` (`idDelachat`, `from_user`, `chat_id`) VALUES (31, 0, 0);
INSERT INTO `Delachat` (`idDelachat`, `from_user`, `chat_id`) VALUES (32, 0, 0);
INSERT INTO `Delachat` (`idDelachat`, `from_user`, `chat_id`) VALUES (33, 0, 0);
INSERT INTO `Delachat` (`idDelachat`, `from_user`, `chat_id`) VALUES (34, 0, 0);
INSERT INTO `Delachat` (`idDelachat`, `from_user`, `chat_id`) VALUES (35, 0, 0);
INSERT INTO `Delachat` (`idDelachat`, `from_user`, `chat_id`) VALUES (36, 0, 0);
INSERT INTO `Delachat` (`idDelachat`, `from_user`, `chat_id`) VALUES (37, 0, 0);
INSERT INTO `Delachat` (`idDelachat`, `from_user`, `chat_id`) VALUES (38, 0, 0);
INSERT INTO `Delachat` (`idDelachat`, `from_user`, `chat_id`) VALUES (39, 0, 0);
INSERT INTO `Delachat` (`idDelachat`, `from_user`, `chat_id`) VALUES (40, 0, 0);
INSERT INTO `Delachat` (`idDelachat`, `from_user`, `chat_id`) VALUES (41, 0, 0);
INSERT INTO `Delachat` (`idDelachat`, `from_user`, `chat_id`) VALUES (42, 0, 0);
INSERT INTO `Delachat` (`idDelachat`, `from_user`, `chat_id`) VALUES (43, 0, 0);
INSERT INTO `Delachat` (`idDelachat`, `from_user`, `chat_id`) VALUES (44, 0, 0);
INSERT INTO `Delachat` (`idDelachat`, `from_user`, `chat_id`) VALUES (45, 0, 0);
INSERT INTO `Delachat` (`idDelachat`, `from_user`, `chat_id`) VALUES (46, 0, 0);
INSERT INTO `Delachat` (`idDelachat`, `from_user`, `chat_id`) VALUES (47, 0, 0);
INSERT INTO `Delachat` (`idDelachat`, `from_user`, `chat_id`) VALUES (48, 0, 0);
INSERT INTO `Delachat` (`idDelachat`, `from_user`, `chat_id`) VALUES (49, 0, 0);
INSERT INTO `Delachat` (`idDelachat`, `from_user`, `chat_id`) VALUES (50, 0, 0);
INSERT INTO `Delachat` (`idDelachat`, `from_user`, `chat_id`) VALUES (51, 0, 0);
INSERT INTO `Delachat` (`idDelachat`, `from_user`, `chat_id`) VALUES (52, 0, 0);
INSERT INTO `Delachat` (`idDelachat`, `from_user`, `chat_id`) VALUES (53, 0, 0);
INSERT INTO `Delachat` (`idDelachat`, `from_user`, `chat_id`) VALUES (54, 0, 0);
INSERT INTO `Delachat` (`idDelachat`, `from_user`, `chat_id`) VALUES (55, 0, 0);
INSERT INTO `Delachat` (`idDelachat`, `from_user`, `chat_id`) VALUES (56, 0, 0);
INSERT INTO `Delachat` (`idDelachat`, `from_user`, `chat_id`) VALUES (57, 0, 0);
INSERT INTO `Delachat` (`idDelachat`, `from_user`, `chat_id`) VALUES (58, 0, 0);
INSERT INTO `Delachat` (`idDelachat`, `from_user`, `chat_id`) VALUES (59, 0, 0);
INSERT INTO `Delachat` (`idDelachat`, `from_user`, `chat_id`) VALUES (60, 0, 0);
INSERT INTO `Delachat` (`idDelachat`, `from_user`, `chat_id`) VALUES (61, 0, 0);
INSERT INTO `Delachat` (`idDelachat`, `from_user`, `chat_id`) VALUES (62, 0, 0);
INSERT INTO `Delachat` (`idDelachat`, `from_user`, `chat_id`) VALUES (63, 0, 0);
INSERT INTO `Delachat` (`idDelachat`, `from_user`, `chat_id`) VALUES (64, 0, 0);
INSERT INTO `Delachat` (`idDelachat`, `from_user`, `chat_id`) VALUES (65, 0, 0);
INSERT INTO `Delachat` (`idDelachat`, `from_user`, `chat_id`) VALUES (66, 0, 0);
INSERT INTO `Delachat` (`idDelachat`, `from_user`, `chat_id`) VALUES (67, 0, 0);
INSERT INTO `Delachat` (`idDelachat`, `from_user`, `chat_id`) VALUES (68, 0, 0);
INSERT INTO `Delachat` (`idDelachat`, `from_user`, `chat_id`) VALUES (69, 0, 0);
INSERT INTO `Delachat` (`idDelachat`, `from_user`, `chat_id`) VALUES (70, 0, 0);
INSERT INTO `Delachat` (`idDelachat`, `from_user`, `chat_id`) VALUES (71, 0, 0);
INSERT INTO `Delachat` (`idDelachat`, `from_user`, `chat_id`) VALUES (72, 0, 0);
INSERT INTO `Delachat` (`idDelachat`, `from_user`, `chat_id`) VALUES (73, 0, 0);
INSERT INTO `Delachat` (`idDelachat`, `from_user`, `chat_id`) VALUES (74, 0, 0);
INSERT INTO `Delachat` (`idDelachat`, `from_user`, `chat_id`) VALUES (75, 0, 0);
INSERT INTO `Delachat` (`idDelachat`, `from_user`, `chat_id`) VALUES (76, 0, 0);
INSERT INTO `Delachat` (`idDelachat`, `from_user`, `chat_id`) VALUES (77, 0, 0);
INSERT INTO `Delachat` (`idDelachat`, `from_user`, `chat_id`) VALUES (78, 0, 0);
INSERT INTO `Delachat` (`idDelachat`, `from_user`, `chat_id`) VALUES (79, 0, 0);
INSERT INTO `Delachat` (`idDelachat`, `from_user`, `chat_id`) VALUES (80, 0, 0);
INSERT INTO `Delachat` (`idDelachat`, `from_user`, `chat_id`) VALUES (81, 0, 0);
INSERT INTO `Delachat` (`idDelachat`, `from_user`, `chat_id`) VALUES (82, 0, 0);
INSERT INTO `Delachat` (`idDelachat`, `from_user`, `chat_id`) VALUES (83, 0, 0);
INSERT INTO `Delachat` (`idDelachat`, `from_user`, `chat_id`) VALUES (84, 0, 0);
INSERT INTO `Delachat` (`idDelachat`, `from_user`, `chat_id`) VALUES (85, 0, 0);
INSERT INTO `Delachat` (`idDelachat`, `from_user`, `chat_id`) VALUES (86, 0, 0);
INSERT INTO `Delachat` (`idDelachat`, `from_user`, `chat_id`) VALUES (87, 0, 0);
INSERT INTO `Delachat` (`idDelachat`, `from_user`, `chat_id`) VALUES (88, 0, 0);
INSERT INTO `Delachat` (`idDelachat`, `from_user`, `chat_id`) VALUES (89, 0, 0);
INSERT INTO `Delachat` (`idDelachat`, `from_user`, `chat_id`) VALUES (90, 0, 0);
INSERT INTO `Delachat` (`idDelachat`, `from_user`, `chat_id`) VALUES (91, 0, 0);
INSERT INTO `Delachat` (`idDelachat`, `from_user`, `chat_id`) VALUES (92, 0, 0);
INSERT INTO `Delachat` (`idDelachat`, `from_user`, `chat_id`) VALUES (93, 0, 0);
INSERT INTO `Delachat` (`idDelachat`, `from_user`, `chat_id`) VALUES (94, 0, 0);
INSERT INTO `Delachat` (`idDelachat`, `from_user`, `chat_id`) VALUES (95, 0, 0);
INSERT INTO `Delachat` (`idDelachat`, `from_user`, `chat_id`) VALUES (96, 0, 0);
INSERT INTO `Delachat` (`idDelachat`, `from_user`, `chat_id`) VALUES (97, 0, 0);
INSERT INTO `Delachat` (`idDelachat`, `from_user`, `chat_id`) VALUES (98, 0, 0);
INSERT INTO `Delachat` (`idDelachat`, `from_user`, `chat_id`) VALUES (99, 0, 0);
INSERT INTO `Delachat` (`idDelachat`, `from_user`, `chat_id`) VALUES (100, 0, 0);


#
# TABLE STRUCTURE FOR: Forum
#

DROP TABLE IF EXISTS `Forum`;

CREATE TABLE `Forum` (
  `idForum` int(11) NOT NULL AUTO_INCREMENT,
  `text` varchar(45) COLLATE utf8mb4_unicode_ci NOT NULL,
  PRIMARY KEY (`idForum`)
) ENGINE=InnoDB AUTO_INCREMENT=101 DEFAULT CHARSET=utf8mb4 COLLATE=utf8mb4_unicode_ci;

INSERT INTO `Forum` (`idForum`, `text`) VALUES (1, 'Atque incidunt asperiores eveniet est. Qui te');
INSERT INTO `Forum` (`idForum`, `text`) VALUES (2, 'Doloribus ut quo voluptas. Enim non qui et qu');
INSERT INTO `Forum` (`idForum`, `text`) VALUES (3, 'In libero magni sit dolorum et. Delectus atqu');
INSERT INTO `Forum` (`idForum`, `text`) VALUES (4, 'Provident sed vitae voluptatibus id. Quis omn');
INSERT INTO `Forum` (`idForum`, `text`) VALUES (5, 'Occaecati autem cupiditate dolorum voluptas i');
INSERT INTO `Forum` (`idForum`, `text`) VALUES (6, 'Placeat voluptatem asperiores rerum temporibu');
INSERT INTO `Forum` (`idForum`, `text`) VALUES (7, 'Animi aut sed aut sint dolores eum. Incidunt ');
INSERT INTO `Forum` (`idForum`, `text`) VALUES (8, 'Vero exercitationem dolorem earum et rerum ut');
INSERT INTO `Forum` (`idForum`, `text`) VALUES (9, 'Minima deleniti et qui nesciunt corporis cum.');
INSERT INTO `Forum` (`idForum`, `text`) VALUES (10, 'Qui aut cupiditate dolor. Quo non sed rerum n');
INSERT INTO `Forum` (`idForum`, `text`) VALUES (11, 'Repellendus omnis eos ut nemo rem dolorem. Cu');
INSERT INTO `Forum` (`idForum`, `text`) VALUES (12, 'Ut delectus accusantium accusamus accusamus q');
INSERT INTO `Forum` (`idForum`, `text`) VALUES (13, 'Id sint voluptatem optio dolor. Perferendis m');
INSERT INTO `Forum` (`idForum`, `text`) VALUES (14, 'Maiores fugiat reprehenderit recusandae et. V');
INSERT INTO `Forum` (`idForum`, `text`) VALUES (15, 'Sit et est explicabo officiis aut qui ut. Con');
INSERT INTO `Forum` (`idForum`, `text`) VALUES (16, 'A cumque autem enim sit impedit. Sint similiq');
INSERT INTO `Forum` (`idForum`, `text`) VALUES (17, 'Alias quisquam ut ab exercitationem sunt odio');
INSERT INTO `Forum` (`idForum`, `text`) VALUES (18, 'Corrupti facilis iure aliquam dolores volupta');
INSERT INTO `Forum` (`idForum`, `text`) VALUES (19, 'Voluptas voluptatem assumenda minima ullam ap');
INSERT INTO `Forum` (`idForum`, `text`) VALUES (20, 'Distinctio esse quo quia rerum. Nihil est nes');
INSERT INTO `Forum` (`idForum`, `text`) VALUES (21, 'Consequatur veniam voluptatem explicabo sequi');
INSERT INTO `Forum` (`idForum`, `text`) VALUES (22, 'Veritatis facilis sit deleniti nulla. Autem i');
INSERT INTO `Forum` (`idForum`, `text`) VALUES (23, 'Exercitationem sit qui et ut similique. Aut e');
INSERT INTO `Forum` (`idForum`, `text`) VALUES (24, 'Soluta eaque ex dolor. Quidem facere aliquid ');
INSERT INTO `Forum` (`idForum`, `text`) VALUES (25, 'Nihil et pariatur libero. Cum aut sunt tenetu');
INSERT INTO `Forum` (`idForum`, `text`) VALUES (26, 'Ut voluptatem animi debitis ut. Et totam nost');
INSERT INTO `Forum` (`idForum`, `text`) VALUES (27, 'Soluta non explicabo alias voluptatem. Sapien');
INSERT INTO `Forum` (`idForum`, `text`) VALUES (28, 'Tempore et fugit vitae id recusandae tempore.');
INSERT INTO `Forum` (`idForum`, `text`) VALUES (29, 'Pariatur culpa unde eos culpa. Error voluptat');
INSERT INTO `Forum` (`idForum`, `text`) VALUES (30, 'Eum architecto qui et qui officiis. Voluptate');
INSERT INTO `Forum` (`idForum`, `text`) VALUES (31, 'Cum saepe rerum ducimus est sed provident. Ea');
INSERT INTO `Forum` (`idForum`, `text`) VALUES (32, 'Saepe vero doloribus ut exercitationem debiti');
INSERT INTO `Forum` (`idForum`, `text`) VALUES (33, 'Assumenda aut rerum id quo. Voluptas aut quas');
INSERT INTO `Forum` (`idForum`, `text`) VALUES (34, 'Quia ut ad eaque consectetur dolor porro duci');
INSERT INTO `Forum` (`idForum`, `text`) VALUES (35, 'Cum dolor laborum deleniti quia. Sint quo aut');
INSERT INTO `Forum` (`idForum`, `text`) VALUES (36, 'Harum sapiente et in dolorem impedit omnis as');
INSERT INTO `Forum` (`idForum`, `text`) VALUES (37, 'Dolor aut sed rerum. Est eveniet est quisquam');
INSERT INTO `Forum` (`idForum`, `text`) VALUES (38, 'Odio atque aut praesentium odit ipsam est cor');
INSERT INTO `Forum` (`idForum`, `text`) VALUES (39, 'Ut unde ut voluptates itaque. Quis suscipit u');
INSERT INTO `Forum` (`idForum`, `text`) VALUES (40, 'Et repudiandae quaerat possimus aut similique');
INSERT INTO `Forum` (`idForum`, `text`) VALUES (41, 'Modi voluptatibus error vel omnis omnis nobis');
INSERT INTO `Forum` (`idForum`, `text`) VALUES (42, 'Est et delectus maxime quae qui. Commodi duci');
INSERT INTO `Forum` (`idForum`, `text`) VALUES (43, 'Deleniti laborum aut aut ut quibusdam impedit');
INSERT INTO `Forum` (`idForum`, `text`) VALUES (44, 'Fuga quos et fugiat doloremque deleniti nesci');
INSERT INTO `Forum` (`idForum`, `text`) VALUES (45, 'Quo quis necessitatibus iure omnis magnam par');
INSERT INTO `Forum` (`idForum`, `text`) VALUES (46, 'Blanditiis est iure totam neque. Iste vero ex');
INSERT INTO `Forum` (`idForum`, `text`) VALUES (47, 'Ab eum velit et. Odit rerum voluptas libero n');
INSERT INTO `Forum` (`idForum`, `text`) VALUES (48, 'Dolorum minus aliquid exercitationem voluptat');
INSERT INTO `Forum` (`idForum`, `text`) VALUES (49, 'Nemo quis a quam voluptates. Iusto nulla inve');
INSERT INTO `Forum` (`idForum`, `text`) VALUES (50, 'Doloremque impedit dolor vel qui magni omnis ');
INSERT INTO `Forum` (`idForum`, `text`) VALUES (51, 'Tempore et expedita quod sit praesentium. Qua');
INSERT INTO `Forum` (`idForum`, `text`) VALUES (52, 'Molestias architecto vitae similique officia.');
INSERT INTO `Forum` (`idForum`, `text`) VALUES (53, 'Maiores aut temporibus vero consequatur. Dolo');
INSERT INTO `Forum` (`idForum`, `text`) VALUES (54, 'Veniam atque quis sed magnam fuga. Minus non ');
INSERT INTO `Forum` (`idForum`, `text`) VALUES (55, 'Quibusdam et quis iste qui quidem totam. Nisi');
INSERT INTO `Forum` (`idForum`, `text`) VALUES (56, 'Est nobis corrupti suscipit aliquid magnam. E');
INSERT INTO `Forum` (`idForum`, `text`) VALUES (57, 'Labore possimus corrupti numquam molestias do');
INSERT INTO `Forum` (`idForum`, `text`) VALUES (58, 'Asperiores similique et sit. Nihil dolor quis');
INSERT INTO `Forum` (`idForum`, `text`) VALUES (59, 'A non aut quidem dignissimos voluptatibus. Re');
INSERT INTO `Forum` (`idForum`, `text`) VALUES (60, 'Aut praesentium exercitationem aut alias cupi');
INSERT INTO `Forum` (`idForum`, `text`) VALUES (61, 'Reprehenderit est eligendi ad. Enim sed susci');
INSERT INTO `Forum` (`idForum`, `text`) VALUES (62, 'Fugit dolor doloribus fugit voluptatum illo a');
INSERT INTO `Forum` (`idForum`, `text`) VALUES (63, 'Voluptate ea rem voluptatibus qui sed consequ');
INSERT INTO `Forum` (`idForum`, `text`) VALUES (64, 'Molestiae qui et et nam. Minus minima sed arc');
INSERT INTO `Forum` (`idForum`, `text`) VALUES (65, 'Nisi nemo consequuntur veritatis asperiores m');
INSERT INTO `Forum` (`idForum`, `text`) VALUES (66, 'Qui consequuntur et consectetur velit volupta');
INSERT INTO `Forum` (`idForum`, `text`) VALUES (67, 'Id ipsum vitae accusantium delectus. Consequu');
INSERT INTO `Forum` (`idForum`, `text`) VALUES (68, 'Blanditiis vitae fuga voluptatem sed repudian');
INSERT INTO `Forum` (`idForum`, `text`) VALUES (69, 'Ut modi dolores et minus quos optio aut. Ex h');
INSERT INTO `Forum` (`idForum`, `text`) VALUES (70, 'Sit doloribus esse eos ut cumque. Repellat pr');
INSERT INTO `Forum` (`idForum`, `text`) VALUES (71, 'Quibusdam unde magnam vero perspiciatis vitae');
INSERT INTO `Forum` (`idForum`, `text`) VALUES (72, 'Eligendi natus voluptate doloribus vitae simi');
INSERT INTO `Forum` (`idForum`, `text`) VALUES (73, 'Vel eum delectus minus vel corrupti officiis.');
INSERT INTO `Forum` (`idForum`, `text`) VALUES (74, 'Sint optio est nobis facere et. At fuga verit');
INSERT INTO `Forum` (`idForum`, `text`) VALUES (75, 'Hic in fuga quasi dicta. Eaque ullam enim sit');
INSERT INTO `Forum` (`idForum`, `text`) VALUES (76, 'Temporibus numquam est rem nostrum reiciendis');
INSERT INTO `Forum` (`idForum`, `text`) VALUES (77, 'Voluptas molestiae necessitatibus est similiq');
INSERT INTO `Forum` (`idForum`, `text`) VALUES (78, 'Doloremque omnis aut illo deserunt. Voluptate');
INSERT INTO `Forum` (`idForum`, `text`) VALUES (79, 'Est officia ab labore natus. Ex laudantium ea');
INSERT INTO `Forum` (`idForum`, `text`) VALUES (80, 'Ea et aliquid inventore consectetur quod iste');
INSERT INTO `Forum` (`idForum`, `text`) VALUES (81, 'Eos at est fuga ab eveniet dolor. Expedita vo');
INSERT INTO `Forum` (`idForum`, `text`) VALUES (82, 'Voluptatibus nihil eius sint doloribus impedi');
INSERT INTO `Forum` (`idForum`, `text`) VALUES (83, 'In ea nihil voluptate maiores. Rerum alias eu');
INSERT INTO `Forum` (`idForum`, `text`) VALUES (84, 'Inventore omnis distinctio illo. Ex suscipit ');
INSERT INTO `Forum` (`idForum`, `text`) VALUES (85, 'Consequuntur et blanditiis illum sunt. Fuga f');
INSERT INTO `Forum` (`idForum`, `text`) VALUES (86, 'Sit corrupti aut rerum expedita et aut aliqua');
INSERT INTO `Forum` (`idForum`, `text`) VALUES (87, 'Vel saepe at debitis aut expedita. Ducimus ip');
INSERT INTO `Forum` (`idForum`, `text`) VALUES (88, 'Nisi eum similique perferendis adipisci dolor');
INSERT INTO `Forum` (`idForum`, `text`) VALUES (89, 'Exercitationem culpa omnis atque unde molesti');
INSERT INTO `Forum` (`idForum`, `text`) VALUES (90, 'Quia dolor facilis repellendus aut magnam ut ');
INSERT INTO `Forum` (`idForum`, `text`) VALUES (91, 'Quaerat autem sunt sit voluptates sequi offic');
INSERT INTO `Forum` (`idForum`, `text`) VALUES (92, 'Rem neque ratione aliquid porro accusantium t');
INSERT INTO `Forum` (`idForum`, `text`) VALUES (93, 'Veniam voluptas architecto ullam neque dolore');
INSERT INTO `Forum` (`idForum`, `text`) VALUES (94, 'Fugit qui dignissimos vitae magni. Vero nihil');
INSERT INTO `Forum` (`idForum`, `text`) VALUES (95, 'Quos id deserunt voluptas repudiandae autem c');
INSERT INTO `Forum` (`idForum`, `text`) VALUES (96, 'Voluptatum sed temporibus veritatis repudiand');
INSERT INTO `Forum` (`idForum`, `text`) VALUES (97, 'Est explicabo at omnis cumque. Unde amet nisi');
INSERT INTO `Forum` (`idForum`, `text`) VALUES (98, 'Earum excepturi omnis est sit neque. Aut sunt');
INSERT INTO `Forum` (`idForum`, `text`) VALUES (99, 'Corrupti expedita dolor sint ad quis. Minima ');
INSERT INTO `Forum` (`idForum`, `text`) VALUES (100, 'Amet cupiditate dicta aperiam eum in. Digniss');


#
# TABLE STRUCTURE FOR: Friendship
#

DROP TABLE IF EXISTS `Friendship`;

CREATE TABLE `Friendship` (
  `idFriends` int(11) NOT NULL AUTO_INCREMENT,
  `from_user` int(11) NOT NULL,
  `user_id` int(11) NOT NULL,
  PRIMARY KEY (`idFriends`)
) ENGINE=InnoDB AUTO_INCREMENT=101 DEFAULT CHARSET=utf8mb4 COLLATE=utf8mb4_unicode_ci;

INSERT INTO `Friendship` (`idFriends`, `from_user`, `user_id`) VALUES (1, 8, 2956);
INSERT INTO `Friendship` (`idFriends`, `from_user`, `user_id`) VALUES (2, 5, 27538);
INSERT INTO `Friendship` (`idFriends`, `from_user`, `user_id`) VALUES (3, 3, 55682);
INSERT INTO `Friendship` (`idFriends`, `from_user`, `user_id`) VALUES (4, 6, 81985625);
INSERT INTO `Friendship` (`idFriends`, `from_user`, `user_id`) VALUES (5, 11, 158872162);
INSERT INTO `Friendship` (`idFriends`, `from_user`, `user_id`) VALUES (6, 10, 0);
INSERT INTO `Friendship` (`idFriends`, `from_user`, `user_id`) VALUES (7, 6, 0);
INSERT INTO `Friendship` (`idFriends`, `from_user`, `user_id`) VALUES (8, 7, 16);
INSERT INTO `Friendship` (`idFriends`, `from_user`, `user_id`) VALUES (9, 8, 54596296);
INSERT INTO `Friendship` (`idFriends`, `from_user`, `user_id`) VALUES (10, 5, 560103);
INSERT INTO `Friendship` (`idFriends`, `from_user`, `user_id`) VALUES (11, 11, 49);
INSERT INTO `Friendship` (`idFriends`, `from_user`, `user_id`) VALUES (12, 3, 39376);
INSERT INTO `Friendship` (`idFriends`, `from_user`, `user_id`) VALUES (13, 7, 1527);
INSERT INTO `Friendship` (`idFriends`, `from_user`, `user_id`) VALUES (14, 7, 3046791);
INSERT INTO `Friendship` (`idFriends`, `from_user`, `user_id`) VALUES (15, 3, 156);
INSERT INTO `Friendship` (`idFriends`, `from_user`, `user_id`) VALUES (16, 2, 48);
INSERT INTO `Friendship` (`idFriends`, `from_user`, `user_id`) VALUES (17, 8, 70756);
INSERT INTO `Friendship` (`idFriends`, `from_user`, `user_id`) VALUES (18, 10, 1);
INSERT INTO `Friendship` (`idFriends`, `from_user`, `user_id`) VALUES (19, 2, 0);
INSERT INTO `Friendship` (`idFriends`, `from_user`, `user_id`) VALUES (20, 4, 2121);
INSERT INTO `Friendship` (`idFriends`, `from_user`, `user_id`) VALUES (21, 7, 59);
INSERT INTO `Friendship` (`idFriends`, `from_user`, `user_id`) VALUES (22, 1, 22919);
INSERT INTO `Friendship` (`idFriends`, `from_user`, `user_id`) VALUES (23, 9, 9);
INSERT INTO `Friendship` (`idFriends`, `from_user`, `user_id`) VALUES (24, 8, 28724611);
INSERT INTO `Friendship` (`idFriends`, `from_user`, `user_id`) VALUES (25, 11, 13654);
INSERT INTO `Friendship` (`idFriends`, `from_user`, `user_id`) VALUES (26, 7, 1);
INSERT INTO `Friendship` (`idFriends`, `from_user`, `user_id`) VALUES (27, 11, 2426450);
INSERT INTO `Friendship` (`idFriends`, `from_user`, `user_id`) VALUES (28, 11, 21);
INSERT INTO `Friendship` (`idFriends`, `from_user`, `user_id`) VALUES (29, 3, 0);
INSERT INTO `Friendship` (`idFriends`, `from_user`, `user_id`) VALUES (30, 11, 198994);
INSERT INTO `Friendship` (`idFriends`, `from_user`, `user_id`) VALUES (31, 12, 1099429);
INSERT INTO `Friendship` (`idFriends`, `from_user`, `user_id`) VALUES (32, 2, 80021);
INSERT INTO `Friendship` (`idFriends`, `from_user`, `user_id`) VALUES (33, 8, 22259);
INSERT INTO `Friendship` (`idFriends`, `from_user`, `user_id`) VALUES (34, 1, 4042);
INSERT INTO `Friendship` (`idFriends`, `from_user`, `user_id`) VALUES (35, 4, 21837);
INSERT INTO `Friendship` (`idFriends`, `from_user`, `user_id`) VALUES (36, 3, 14976);
INSERT INTO `Friendship` (`idFriends`, `from_user`, `user_id`) VALUES (37, 9, 2043490);
INSERT INTO `Friendship` (`idFriends`, `from_user`, `user_id`) VALUES (38, 10, 353637290);
INSERT INTO `Friendship` (`idFriends`, `from_user`, `user_id`) VALUES (39, 9, 3641877);
INSERT INTO `Friendship` (`idFriends`, `from_user`, `user_id`) VALUES (40, 3, 27901);
INSERT INTO `Friendship` (`idFriends`, `from_user`, `user_id`) VALUES (41, 5, 189027);
INSERT INTO `Friendship` (`idFriends`, `from_user`, `user_id`) VALUES (42, 4, 0);
INSERT INTO `Friendship` (`idFriends`, `from_user`, `user_id`) VALUES (43, 3, 15);
INSERT INTO `Friendship` (`idFriends`, `from_user`, `user_id`) VALUES (44, 1, 606478);
INSERT INTO `Friendship` (`idFriends`, `from_user`, `user_id`) VALUES (45, 7, 48);
INSERT INTO `Friendship` (`idFriends`, `from_user`, `user_id`) VALUES (46, 2, 3);
INSERT INTO `Friendship` (`idFriends`, `from_user`, `user_id`) VALUES (47, 7, 0);
INSERT INTO `Friendship` (`idFriends`, `from_user`, `user_id`) VALUES (48, 1, 0);
INSERT INTO `Friendship` (`idFriends`, `from_user`, `user_id`) VALUES (49, 7, 12);
INSERT INTO `Friendship` (`idFriends`, `from_user`, `user_id`) VALUES (50, 7, 0);
INSERT INTO `Friendship` (`idFriends`, `from_user`, `user_id`) VALUES (51, 1, 229913);
INSERT INTO `Friendship` (`idFriends`, `from_user`, `user_id`) VALUES (52, 8, 63481604);
INSERT INTO `Friendship` (`idFriends`, `from_user`, `user_id`) VALUES (53, 5, 15);
INSERT INTO `Friendship` (`idFriends`, `from_user`, `user_id`) VALUES (54, 9, 16633);
INSERT INTO `Friendship` (`idFriends`, `from_user`, `user_id`) VALUES (55, 7, 26395899);
INSERT INTO `Friendship` (`idFriends`, `from_user`, `user_id`) VALUES (56, 7, 406544566);
INSERT INTO `Friendship` (`idFriends`, `from_user`, `user_id`) VALUES (57, 5, 29551);
INSERT INTO `Friendship` (`idFriends`, `from_user`, `user_id`) VALUES (58, 8, 0);
INSERT INTO `Friendship` (`idFriends`, `from_user`, `user_id`) VALUES (59, 8, 0);
INSERT INTO `Friendship` (`idFriends`, `from_user`, `user_id`) VALUES (60, 6, 443);
INSERT INTO `Friendship` (`idFriends`, `from_user`, `user_id`) VALUES (61, 8, 60397);
INSERT INTO `Friendship` (`idFriends`, `from_user`, `user_id`) VALUES (62, 10, 5647123);
INSERT INTO `Friendship` (`idFriends`, `from_user`, `user_id`) VALUES (63, 8, 50369583);
INSERT INTO `Friendship` (`idFriends`, `from_user`, `user_id`) VALUES (64, 5, 56);
INSERT INTO `Friendship` (`idFriends`, `from_user`, `user_id`) VALUES (65, 11, 382789285);
INSERT INTO `Friendship` (`idFriends`, `from_user`, `user_id`) VALUES (66, 1, 1430725);
INSERT INTO `Friendship` (`idFriends`, `from_user`, `user_id`) VALUES (67, 3, 30855);
INSERT INTO `Friendship` (`idFriends`, `from_user`, `user_id`) VALUES (68, 11, 0);
INSERT INTO `Friendship` (`idFriends`, `from_user`, `user_id`) VALUES (69, 2, 229007);
INSERT INTO `Friendship` (`idFriends`, `from_user`, `user_id`) VALUES (70, 9, 13884);
INSERT INTO `Friendship` (`idFriends`, `from_user`, `user_id`) VALUES (71, 3, 6843);
INSERT INTO `Friendship` (`idFriends`, `from_user`, `user_id`) VALUES (72, 1, 57);
INSERT INTO `Friendship` (`idFriends`, `from_user`, `user_id`) VALUES (73, 5, 303857);
INSERT INTO `Friendship` (`idFriends`, `from_user`, `user_id`) VALUES (74, 4, 31099018);
INSERT INTO `Friendship` (`idFriends`, `from_user`, `user_id`) VALUES (75, 6, 484);
INSERT INTO `Friendship` (`idFriends`, `from_user`, `user_id`) VALUES (76, 5, 645878074);
INSERT INTO `Friendship` (`idFriends`, `from_user`, `user_id`) VALUES (77, 1, 13238539);
INSERT INTO `Friendship` (`idFriends`, `from_user`, `user_id`) VALUES (78, 8, 0);
INSERT INTO `Friendship` (`idFriends`, `from_user`, `user_id`) VALUES (79, 12, 14858551);
INSERT INTO `Friendship` (`idFriends`, `from_user`, `user_id`) VALUES (80, 1, 134);
INSERT INTO `Friendship` (`idFriends`, `from_user`, `user_id`) VALUES (81, 1, 23);
INSERT INTO `Friendship` (`idFriends`, `from_user`, `user_id`) VALUES (82, 6, 0);
INSERT INTO `Friendship` (`idFriends`, `from_user`, `user_id`) VALUES (83, 10, 2493);
INSERT INTO `Friendship` (`idFriends`, `from_user`, `user_id`) VALUES (84, 8, 118);
INSERT INTO `Friendship` (`idFriends`, `from_user`, `user_id`) VALUES (85, 3, 0);
INSERT INTO `Friendship` (`idFriends`, `from_user`, `user_id`) VALUES (86, 3, 88576);
INSERT INTO `Friendship` (`idFriends`, `from_user`, `user_id`) VALUES (87, 3, 139720);
INSERT INTO `Friendship` (`idFriends`, `from_user`, `user_id`) VALUES (88, 8, 1);
INSERT INTO `Friendship` (`idFriends`, `from_user`, `user_id`) VALUES (89, 10, 457640);
INSERT INTO `Friendship` (`idFriends`, `from_user`, `user_id`) VALUES (90, 10, 5903);
INSERT INTO `Friendship` (`idFriends`, `from_user`, `user_id`) VALUES (91, 3, 2868);
INSERT INTO `Friendship` (`idFriends`, `from_user`, `user_id`) VALUES (92, 6, 72618);
INSERT INTO `Friendship` (`idFriends`, `from_user`, `user_id`) VALUES (93, 7, 249755);
INSERT INTO `Friendship` (`idFriends`, `from_user`, `user_id`) VALUES (94, 6, 252);
INSERT INTO `Friendship` (`idFriends`, `from_user`, `user_id`) VALUES (95, 7, 0);
INSERT INTO `Friendship` (`idFriends`, `from_user`, `user_id`) VALUES (96, 8, 106537391);
INSERT INTO `Friendship` (`idFriends`, `from_user`, `user_id`) VALUES (97, 7, 50118129);
INSERT INTO `Friendship` (`idFriends`, `from_user`, `user_id`) VALUES (98, 11, 254);
INSERT INTO `Friendship` (`idFriends`, `from_user`, `user_id`) VALUES (99, 8, 442874313);
INSERT INTO `Friendship` (`idFriends`, `from_user`, `user_id`) VALUES (100, 11, 7947);


#
# TABLE STRUCTURE FOR: Klient
#

DROP TABLE IF EXISTS `Klient`;

CREATE TABLE `Klient` (
  `idUser` int(11) NOT NULL AUTO_INCREMENT,
  `login` varchar(45) COLLATE utf8mb4_unicode_ci NOT NULL,
  `Chat_idChat` int(11) NOT NULL,
  PRIMARY KEY (`idUser`)
) ENGINE=InnoDB AUTO_INCREMENT=101 DEFAULT CHARSET=utf8mb4 COLLATE=utf8mb4_unicode_ci;

INSERT INTO `Klient` (`idUser`, `login`, `Chat_idChat`) VALUES (1, '3', 4);
INSERT INTO `Klient` (`idUser`, `login`, `Chat_idChat`) VALUES (2, '9', 2);
INSERT INTO `Klient` (`idUser`, `login`, `Chat_idChat`) VALUES (3, '3', 9);
INSERT INTO `Klient` (`idUser`, `login`, `Chat_idChat`) VALUES (4, '1', 3);
INSERT INTO `Klient` (`idUser`, `login`, `Chat_idChat`) VALUES (5, '3', 3);
INSERT INTO `Klient` (`idUser`, `login`, `Chat_idChat`) VALUES (6, '4', 8);
INSERT INTO `Klient` (`idUser`, `login`, `Chat_idChat`) VALUES (7, '1', 5);
INSERT INTO `Klient` (`idUser`, `login`, `Chat_idChat`) VALUES (8, '6', 4);
INSERT INTO `Klient` (`idUser`, `login`, `Chat_idChat`) VALUES (9, '6', 7);
INSERT INTO `Klient` (`idUser`, `login`, `Chat_idChat`) VALUES (10, '2', 3);
INSERT INTO `Klient` (`idUser`, `login`, `Chat_idChat`) VALUES (11, '1', 6);
INSERT INTO `Klient` (`idUser`, `login`, `Chat_idChat`) VALUES (12, '4', 6);
INSERT INTO `Klient` (`idUser`, `login`, `Chat_idChat`) VALUES (13, '9', 2);
INSERT INTO `Klient` (`idUser`, `login`, `Chat_idChat`) VALUES (14, '', 5);
INSERT INTO `Klient` (`idUser`, `login`, `Chat_idChat`) VALUES (15, '5', 3);
INSERT INTO `Klient` (`idUser`, `login`, `Chat_idChat`) VALUES (16, '4', 4);
INSERT INTO `Klient` (`idUser`, `login`, `Chat_idChat`) VALUES (17, '7', 3);
INSERT INTO `Klient` (`idUser`, `login`, `Chat_idChat`) VALUES (18, '1', 1);
INSERT INTO `Klient` (`idUser`, `login`, `Chat_idChat`) VALUES (19, '', 3);
INSERT INTO `Klient` (`idUser`, `login`, `Chat_idChat`) VALUES (20, '2', 4);
INSERT INTO `Klient` (`idUser`, `login`, `Chat_idChat`) VALUES (21, '9', 4);
INSERT INTO `Klient` (`idUser`, `login`, `Chat_idChat`) VALUES (22, '8', 1);
INSERT INTO `Klient` (`idUser`, `login`, `Chat_idChat`) VALUES (23, '1', 4);
INSERT INTO `Klient` (`idUser`, `login`, `Chat_idChat`) VALUES (24, '8', 3);
INSERT INTO `Klient` (`idUser`, `login`, `Chat_idChat`) VALUES (25, '8', 8);
INSERT INTO `Klient` (`idUser`, `login`, `Chat_idChat`) VALUES (26, '4', 1);
INSERT INTO `Klient` (`idUser`, `login`, `Chat_idChat`) VALUES (27, '5', 9);
INSERT INTO `Klient` (`idUser`, `login`, `Chat_idChat`) VALUES (28, '2', 1);
INSERT INTO `Klient` (`idUser`, `login`, `Chat_idChat`) VALUES (29, '6', 4);
INSERT INTO `Klient` (`idUser`, `login`, `Chat_idChat`) VALUES (30, '5', 6);
INSERT INTO `Klient` (`idUser`, `login`, `Chat_idChat`) VALUES (31, '1', 9);
INSERT INTO `Klient` (`idUser`, `login`, `Chat_idChat`) VALUES (32, '7', 7);
INSERT INTO `Klient` (`idUser`, `login`, `Chat_idChat`) VALUES (33, '8', 9);
INSERT INTO `Klient` (`idUser`, `login`, `Chat_idChat`) VALUES (34, '9', 5);
INSERT INTO `Klient` (`idUser`, `login`, `Chat_idChat`) VALUES (35, '4', 4);
INSERT INTO `Klient` (`idUser`, `login`, `Chat_idChat`) VALUES (36, '2', 7);
INSERT INTO `Klient` (`idUser`, `login`, `Chat_idChat`) VALUES (37, '', 5);
INSERT INTO `Klient` (`idUser`, `login`, `Chat_idChat`) VALUES (38, '3', 4);
INSERT INTO `Klient` (`idUser`, `login`, `Chat_idChat`) VALUES (39, '2', 5);
INSERT INTO `Klient` (`idUser`, `login`, `Chat_idChat`) VALUES (40, '7', 6);
INSERT INTO `Klient` (`idUser`, `login`, `Chat_idChat`) VALUES (41, '8', 9);
INSERT INTO `Klient` (`idUser`, `login`, `Chat_idChat`) VALUES (42, '5', 4);
INSERT INTO `Klient` (`idUser`, `login`, `Chat_idChat`) VALUES (43, '3', 9);
INSERT INTO `Klient` (`idUser`, `login`, `Chat_idChat`) VALUES (44, '7', 7);
INSERT INTO `Klient` (`idUser`, `login`, `Chat_idChat`) VALUES (45, '6', 4);
INSERT INTO `Klient` (`idUser`, `login`, `Chat_idChat`) VALUES (46, '4', 9);
INSERT INTO `Klient` (`idUser`, `login`, `Chat_idChat`) VALUES (47, '5', 2);
INSERT INTO `Klient` (`idUser`, `login`, `Chat_idChat`) VALUES (48, '1', 2);
INSERT INTO `Klient` (`idUser`, `login`, `Chat_idChat`) VALUES (49, '7', 2);
INSERT INTO `Klient` (`idUser`, `login`, `Chat_idChat`) VALUES (50, '8', 1);
INSERT INTO `Klient` (`idUser`, `login`, `Chat_idChat`) VALUES (51, '2', 8);
INSERT INTO `Klient` (`idUser`, `login`, `Chat_idChat`) VALUES (52, '3', 5);
INSERT INTO `Klient` (`idUser`, `login`, `Chat_idChat`) VALUES (53, '1', 6);
INSERT INTO `Klient` (`idUser`, `login`, `Chat_idChat`) VALUES (54, '3', 4);
INSERT INTO `Klient` (`idUser`, `login`, `Chat_idChat`) VALUES (55, '', 7);
INSERT INTO `Klient` (`idUser`, `login`, `Chat_idChat`) VALUES (56, '', 2);
INSERT INTO `Klient` (`idUser`, `login`, `Chat_idChat`) VALUES (57, '', 7);
INSERT INTO `Klient` (`idUser`, `login`, `Chat_idChat`) VALUES (58, '4', 8);
INSERT INTO `Klient` (`idUser`, `login`, `Chat_idChat`) VALUES (59, '7', 1);
INSERT INTO `Klient` (`idUser`, `login`, `Chat_idChat`) VALUES (60, '4', 5);
INSERT INTO `Klient` (`idUser`, `login`, `Chat_idChat`) VALUES (61, '1', 7);
INSERT INTO `Klient` (`idUser`, `login`, `Chat_idChat`) VALUES (62, '3', 7);
INSERT INTO `Klient` (`idUser`, `login`, `Chat_idChat`) VALUES (63, '1', 9);
INSERT INTO `Klient` (`idUser`, `login`, `Chat_idChat`) VALUES (64, '9', 1);
INSERT INTO `Klient` (`idUser`, `login`, `Chat_idChat`) VALUES (65, '8', 8);
INSERT INTO `Klient` (`idUser`, `login`, `Chat_idChat`) VALUES (66, '7', 6);
INSERT INTO `Klient` (`idUser`, `login`, `Chat_idChat`) VALUES (67, '8', 3);
INSERT INTO `Klient` (`idUser`, `login`, `Chat_idChat`) VALUES (68, '', 7);
INSERT INTO `Klient` (`idUser`, `login`, `Chat_idChat`) VALUES (69, '4', 6);
INSERT INTO `Klient` (`idUser`, `login`, `Chat_idChat`) VALUES (70, '3', 4);
INSERT INTO `Klient` (`idUser`, `login`, `Chat_idChat`) VALUES (71, '2', 6);
INSERT INTO `Klient` (`idUser`, `login`, `Chat_idChat`) VALUES (72, '1', 9);
INSERT INTO `Klient` (`idUser`, `login`, `Chat_idChat`) VALUES (73, '4', 9);
INSERT INTO `Klient` (`idUser`, `login`, `Chat_idChat`) VALUES (74, '9', 2);
INSERT INTO `Klient` (`idUser`, `login`, `Chat_idChat`) VALUES (75, '3', 7);
INSERT INTO `Klient` (`idUser`, `login`, `Chat_idChat`) VALUES (76, '9', 8);
INSERT INTO `Klient` (`idUser`, `login`, `Chat_idChat`) VALUES (77, '4', 9);
INSERT INTO `Klient` (`idUser`, `login`, `Chat_idChat`) VALUES (78, '3', 2);
INSERT INTO `Klient` (`idUser`, `login`, `Chat_idChat`) VALUES (79, '7', 6);
INSERT INTO `Klient` (`idUser`, `login`, `Chat_idChat`) VALUES (80, '2', 8);
INSERT INTO `Klient` (`idUser`, `login`, `Chat_idChat`) VALUES (81, '5', 6);
INSERT INTO `Klient` (`idUser`, `login`, `Chat_idChat`) VALUES (82, '9', 7);
INSERT INTO `Klient` (`idUser`, `login`, `Chat_idChat`) VALUES (83, '4', 5);
INSERT INTO `Klient` (`idUser`, `login`, `Chat_idChat`) VALUES (84, '1', 5);
INSERT INTO `Klient` (`idUser`, `login`, `Chat_idChat`) VALUES (85, '7', 8);
INSERT INTO `Klient` (`idUser`, `login`, `Chat_idChat`) VALUES (86, '2', 7);
INSERT INTO `Klient` (`idUser`, `login`, `Chat_idChat`) VALUES (87, '7', 8);
INSERT INTO `Klient` (`idUser`, `login`, `Chat_idChat`) VALUES (88, '', 1);
INSERT INTO `Klient` (`idUser`, `login`, `Chat_idChat`) VALUES (89, '8', 8);
INSERT INTO `Klient` (`idUser`, `login`, `Chat_idChat`) VALUES (90, '2', 6);
INSERT INTO `Klient` (`idUser`, `login`, `Chat_idChat`) VALUES (91, '5', 5);
INSERT INTO `Klient` (`idUser`, `login`, `Chat_idChat`) VALUES (92, '6', 8);
INSERT INTO `Klient` (`idUser`, `login`, `Chat_idChat`) VALUES (93, '2', 9);
INSERT INTO `Klient` (`idUser`, `login`, `Chat_idChat`) VALUES (94, '1', 9);
INSERT INTO `Klient` (`idUser`, `login`, `Chat_idChat`) VALUES (95, '8', 6);
INSERT INTO `Klient` (`idUser`, `login`, `Chat_idChat`) VALUES (96, '7', 9);
INSERT INTO `Klient` (`idUser`, `login`, `Chat_idChat`) VALUES (97, '', 9);
INSERT INTO `Klient` (`idUser`, `login`, `Chat_idChat`) VALUES (98, '6', 9);
INSERT INTO `Klient` (`idUser`, `login`, `Chat_idChat`) VALUES (99, '5', 2);
INSERT INTO `Klient` (`idUser`, `login`, `Chat_idChat`) VALUES (100, '', 2);


#
# TABLE STRUCTURE FOR: ProFklient
#

DROP TABLE IF EXISTS `ProFklient`;

CREATE TABLE `ProFklient` (
  `idProfile` int(11) NOT NULL AUTO_INCREMENT,
  `name` varchar(45) COLLATE utf8mb4_unicode_ci NOT NULL,
  `idUser` int(11) NOT NULL,
  PRIMARY KEY (`idProfile`)
) ENGINE=InnoDB AUTO_INCREMENT=101 DEFAULT CHARSET=utf8mb4 COLLATE=utf8mb4_unicode_ci;

INSERT INTO `ProFklient` (`idProfile`, `name`, `idUser`) VALUES (1, 'aut', 6);
INSERT INTO `ProFklient` (`idProfile`, `name`, `idUser`) VALUES (2, 'nihil', 3);
INSERT INTO `ProFklient` (`idProfile`, `name`, `idUser`) VALUES (3, 'eos', 6);
INSERT INTO `ProFklient` (`idProfile`, `name`, `idUser`) VALUES (4, 'consectetur', 1);
INSERT INTO `ProFklient` (`idProfile`, `name`, `idUser`) VALUES (5, 'amet', 8);
INSERT INTO `ProFklient` (`idProfile`, `name`, `idUser`) VALUES (6, 'nisi', 7);
INSERT INTO `ProFklient` (`idProfile`, `name`, `idUser`) VALUES (7, 'perspiciatis', 4);
INSERT INTO `ProFklient` (`idProfile`, `name`, `idUser`) VALUES (8, 'sit', 1);
INSERT INTO `ProFklient` (`idProfile`, `name`, `idUser`) VALUES (9, 'vel', 8);
INSERT INTO `ProFklient` (`idProfile`, `name`, `idUser`) VALUES (10, 'eaque', 8);
INSERT INTO `ProFklient` (`idProfile`, `name`, `idUser`) VALUES (11, 'eaque', 1);
INSERT INTO `ProFklient` (`idProfile`, `name`, `idUser`) VALUES (12, 'iure', 4);
INSERT INTO `ProFklient` (`idProfile`, `name`, `idUser`) VALUES (13, 'blanditiis', 3);
INSERT INTO `ProFklient` (`idProfile`, `name`, `idUser`) VALUES (14, 'quidem', 1);
INSERT INTO `ProFklient` (`idProfile`, `name`, `idUser`) VALUES (15, 'vel', 5);
INSERT INTO `ProFklient` (`idProfile`, `name`, `idUser`) VALUES (16, 'adipisci', 1);
INSERT INTO `ProFklient` (`idProfile`, `name`, `idUser`) VALUES (17, 'veritatis', 4);
INSERT INTO `ProFklient` (`idProfile`, `name`, `idUser`) VALUES (18, 'qui', 6);
INSERT INTO `ProFklient` (`idProfile`, `name`, `idUser`) VALUES (19, 'commodi', 6);
INSERT INTO `ProFklient` (`idProfile`, `name`, `idUser`) VALUES (20, 'blanditiis', 8);
INSERT INTO `ProFklient` (`idProfile`, `name`, `idUser`) VALUES (21, 'quis', 8);
INSERT INTO `ProFklient` (`idProfile`, `name`, `idUser`) VALUES (22, 'soluta', 8);
INSERT INTO `ProFklient` (`idProfile`, `name`, `idUser`) VALUES (23, 'omnis', 5);
INSERT INTO `ProFklient` (`idProfile`, `name`, `idUser`) VALUES (24, 'et', 7);
INSERT INTO `ProFklient` (`idProfile`, `name`, `idUser`) VALUES (25, 'natus', 2);
INSERT INTO `ProFklient` (`idProfile`, `name`, `idUser`) VALUES (26, 'vel', 5);
INSERT INTO `ProFklient` (`idProfile`, `name`, `idUser`) VALUES (27, 'et', 5);
INSERT INTO `ProFklient` (`idProfile`, `name`, `idUser`) VALUES (28, 'enim', 2);
INSERT INTO `ProFklient` (`idProfile`, `name`, `idUser`) VALUES (29, 'et', 8);
INSERT INTO `ProFklient` (`idProfile`, `name`, `idUser`) VALUES (30, 'consequatur', 4);
INSERT INTO `ProFklient` (`idProfile`, `name`, `idUser`) VALUES (31, 'omnis', 6);
INSERT INTO `ProFklient` (`idProfile`, `name`, `idUser`) VALUES (32, 'iure', 6);
INSERT INTO `ProFklient` (`idProfile`, `name`, `idUser`) VALUES (33, 'magnam', 5);
INSERT INTO `ProFklient` (`idProfile`, `name`, `idUser`) VALUES (34, 'atque', 3);
INSERT INTO `ProFklient` (`idProfile`, `name`, `idUser`) VALUES (35, 'labore', 8);
INSERT INTO `ProFklient` (`idProfile`, `name`, `idUser`) VALUES (36, 'consectetur', 2);
INSERT INTO `ProFklient` (`idProfile`, `name`, `idUser`) VALUES (37, 'rem', 3);
INSERT INTO `ProFklient` (`idProfile`, `name`, `idUser`) VALUES (38, 'dolorem', 6);
INSERT INTO `ProFklient` (`idProfile`, `name`, `idUser`) VALUES (39, 'laudantium', 1);
INSERT INTO `ProFklient` (`idProfile`, `name`, `idUser`) VALUES (40, 'sunt', 7);
INSERT INTO `ProFklient` (`idProfile`, `name`, `idUser`) VALUES (41, 'unde', 1);
INSERT INTO `ProFklient` (`idProfile`, `name`, `idUser`) VALUES (42, 'consequatur', 1);
INSERT INTO `ProFklient` (`idProfile`, `name`, `idUser`) VALUES (43, 'aliquam', 1);
INSERT INTO `ProFklient` (`idProfile`, `name`, `idUser`) VALUES (44, 'consequuntur', 9);
INSERT INTO `ProFklient` (`idProfile`, `name`, `idUser`) VALUES (45, 'quia', 5);
INSERT INTO `ProFklient` (`idProfile`, `name`, `idUser`) VALUES (46, 'perspiciatis', 5);
INSERT INTO `ProFklient` (`idProfile`, `name`, `idUser`) VALUES (47, 'omnis', 6);
INSERT INTO `ProFklient` (`idProfile`, `name`, `idUser`) VALUES (48, 'a', 7);
INSERT INTO `ProFklient` (`idProfile`, `name`, `idUser`) VALUES (49, 'atque', 5);
INSERT INTO `ProFklient` (`idProfile`, `name`, `idUser`) VALUES (50, 'officiis', 7);
INSERT INTO `ProFklient` (`idProfile`, `name`, `idUser`) VALUES (51, 'cum', 8);
INSERT INTO `ProFklient` (`idProfile`, `name`, `idUser`) VALUES (52, 'dolorum', 3);
INSERT INTO `ProFklient` (`idProfile`, `name`, `idUser`) VALUES (53, 'occaecati', 6);
INSERT INTO `ProFklient` (`idProfile`, `name`, `idUser`) VALUES (54, 'enim', 2);
INSERT INTO `ProFklient` (`idProfile`, `name`, `idUser`) VALUES (55, 'neque', 8);
INSERT INTO `ProFklient` (`idProfile`, `name`, `idUser`) VALUES (56, 'doloremque', 2);
INSERT INTO `ProFklient` (`idProfile`, `name`, `idUser`) VALUES (57, 'ad', 1);
INSERT INTO `ProFklient` (`idProfile`, `name`, `idUser`) VALUES (58, 'explicabo', 9);
INSERT INTO `ProFklient` (`idProfile`, `name`, `idUser`) VALUES (59, 'in', 2);
INSERT INTO `ProFklient` (`idProfile`, `name`, `idUser`) VALUES (60, 'qui', 5);
INSERT INTO `ProFklient` (`idProfile`, `name`, `idUser`) VALUES (61, 'omnis', 7);
INSERT INTO `ProFklient` (`idProfile`, `name`, `idUser`) VALUES (62, 'sit', 7);
INSERT INTO `ProFklient` (`idProfile`, `name`, `idUser`) VALUES (63, 'quidem', 9);
INSERT INTO `ProFklient` (`idProfile`, `name`, `idUser`) VALUES (64, 'quaerat', 4);
INSERT INTO `ProFklient` (`idProfile`, `name`, `idUser`) VALUES (65, 'non', 2);
INSERT INTO `ProFklient` (`idProfile`, `name`, `idUser`) VALUES (66, 'atque', 9);
INSERT INTO `ProFklient` (`idProfile`, `name`, `idUser`) VALUES (67, 'rerum', 5);
INSERT INTO `ProFklient` (`idProfile`, `name`, `idUser`) VALUES (68, 'fuga', 1);
INSERT INTO `ProFklient` (`idProfile`, `name`, `idUser`) VALUES (69, 'sint', 7);
INSERT INTO `ProFklient` (`idProfile`, `name`, `idUser`) VALUES (70, 'sunt', 3);
INSERT INTO `ProFklient` (`idProfile`, `name`, `idUser`) VALUES (71, 'cum', 6);
INSERT INTO `ProFklient` (`idProfile`, `name`, `idUser`) VALUES (72, 'sunt', 8);
INSERT INTO `ProFklient` (`idProfile`, `name`, `idUser`) VALUES (73, 'odio', 6);
INSERT INTO `ProFklient` (`idProfile`, `name`, `idUser`) VALUES (74, 'veritatis', 9);
INSERT INTO `ProFklient` (`idProfile`, `name`, `idUser`) VALUES (75, 'dolores', 9);
INSERT INTO `ProFklient` (`idProfile`, `name`, `idUser`) VALUES (76, 'numquam', 6);
INSERT INTO `ProFklient` (`idProfile`, `name`, `idUser`) VALUES (77, 'recusandae', 6);
INSERT INTO `ProFklient` (`idProfile`, `name`, `idUser`) VALUES (78, 'architecto', 9);
INSERT INTO `ProFklient` (`idProfile`, `name`, `idUser`) VALUES (79, 'quis', 2);
INSERT INTO `ProFklient` (`idProfile`, `name`, `idUser`) VALUES (80, 'cumque', 2);
INSERT INTO `ProFklient` (`idProfile`, `name`, `idUser`) VALUES (81, 'unde', 3);
INSERT INTO `ProFklient` (`idProfile`, `name`, `idUser`) VALUES (82, 'cupiditate', 5);
INSERT INTO `ProFklient` (`idProfile`, `name`, `idUser`) VALUES (83, 'occaecati', 8);
INSERT INTO `ProFklient` (`idProfile`, `name`, `idUser`) VALUES (84, 'commodi', 1);
INSERT INTO `ProFklient` (`idProfile`, `name`, `idUser`) VALUES (85, 'reprehenderit', 3);
INSERT INTO `ProFklient` (`idProfile`, `name`, `idUser`) VALUES (86, 'nulla', 1);
INSERT INTO `ProFklient` (`idProfile`, `name`, `idUser`) VALUES (87, 'blanditiis', 4);
INSERT INTO `ProFklient` (`idProfile`, `name`, `idUser`) VALUES (88, 'recusandae', 5);
INSERT INTO `ProFklient` (`idProfile`, `name`, `idUser`) VALUES (89, 'odit', 7);
INSERT INTO `ProFklient` (`idProfile`, `name`, `idUser`) VALUES (90, 'labore', 5);
INSERT INTO `ProFklient` (`idProfile`, `name`, `idUser`) VALUES (91, 'quaerat', 2);
INSERT INTO `ProFklient` (`idProfile`, `name`, `idUser`) VALUES (92, 'qui', 4);
INSERT INTO `ProFklient` (`idProfile`, `name`, `idUser`) VALUES (93, 'sint', 2);
INSERT INTO `ProFklient` (`idProfile`, `name`, `idUser`) VALUES (94, 'et', 5);
INSERT INTO `ProFklient` (`idProfile`, `name`, `idUser`) VALUES (95, 'dolorem', 2);
INSERT INTO `ProFklient` (`idProfile`, `name`, `idUser`) VALUES (96, 'sequi', 6);
INSERT INTO `ProFklient` (`idProfile`, `name`, `idUser`) VALUES (97, 'illum', 9);
INSERT INTO `ProFklient` (`idProfile`, `name`, `idUser`) VALUES (98, 'qui', 5);
INSERT INTO `ProFklient` (`idProfile`, `name`, `idUser`) VALUES (99, 'iusto', 6);
INSERT INTO `ProFklient` (`idProfile`, `name`, `idUser`) VALUES (100, 'illum', 6);


#
# TABLE STRUCTURE FOR: Prochat
#

DROP TABLE IF EXISTS `Prochat`;

CREATE TABLE `Prochat` (
  `idProfilepro` int(11) NOT NULL AUTO_INCREMENT,
  `name` varchar(45) COLLATE utf8mb4_unicode_ci NOT NULL,
  `idUser` int(11) NOT NULL,
  PRIMARY KEY (`idProfilepro`)
) ENGINE=InnoDB AUTO_INCREMENT=101 DEFAULT CHARSET=utf8mb4 COLLATE=utf8mb4_unicode_ci;

INSERT INTO `Prochat` (`idProfilepro`, `name`, `idUser`) VALUES (1, 'sunt', 9);
INSERT INTO `Prochat` (`idProfilepro`, `name`, `idUser`) VALUES (2, 'quia', 1);
INSERT INTO `Prochat` (`idProfilepro`, `name`, `idUser`) VALUES (3, 'quasi', 8);
INSERT INTO `Prochat` (`idProfilepro`, `name`, `idUser`) VALUES (4, 'est', 2);
INSERT INTO `Prochat` (`idProfilepro`, `name`, `idUser`) VALUES (5, 'ea', 3);
INSERT INTO `Prochat` (`idProfilepro`, `name`, `idUser`) VALUES (6, 'ad', 2);
INSERT INTO `Prochat` (`idProfilepro`, `name`, `idUser`) VALUES (7, 'voluptatum', 1);
INSERT INTO `Prochat` (`idProfilepro`, `name`, `idUser`) VALUES (8, 'autem', 1);
INSERT INTO `Prochat` (`idProfilepro`, `name`, `idUser`) VALUES (9, 'dolores', 9);
INSERT INTO `Prochat` (`idProfilepro`, `name`, `idUser`) VALUES (10, 'unde', 8);
INSERT INTO `Prochat` (`idProfilepro`, `name`, `idUser`) VALUES (11, 'sunt', 4);
INSERT INTO `Prochat` (`idProfilepro`, `name`, `idUser`) VALUES (12, 'non', 9);
INSERT INTO `Prochat` (`idProfilepro`, `name`, `idUser`) VALUES (13, 'officia', 5);
INSERT INTO `Prochat` (`idProfilepro`, `name`, `idUser`) VALUES (14, 'qui', 4);
INSERT INTO `Prochat` (`idProfilepro`, `name`, `idUser`) VALUES (15, 'adipisci', 2);
INSERT INTO `Prochat` (`idProfilepro`, `name`, `idUser`) VALUES (16, 'nobis', 6);
INSERT INTO `Prochat` (`idProfilepro`, `name`, `idUser`) VALUES (17, 'eius', 3);
INSERT INTO `Prochat` (`idProfilepro`, `name`, `idUser`) VALUES (18, 'facere', 2);
INSERT INTO `Prochat` (`idProfilepro`, `name`, `idUser`) VALUES (19, 'quae', 8);
INSERT INTO `Prochat` (`idProfilepro`, `name`, `idUser`) VALUES (20, 'repellendus', 9);
INSERT INTO `Prochat` (`idProfilepro`, `name`, `idUser`) VALUES (21, 'rerum', 5);
INSERT INTO `Prochat` (`idProfilepro`, `name`, `idUser`) VALUES (22, 'dignissimos', 7);
INSERT INTO `Prochat` (`idProfilepro`, `name`, `idUser`) VALUES (23, 'quasi', 5);
INSERT INTO `Prochat` (`idProfilepro`, `name`, `idUser`) VALUES (24, 'dolor', 4);
INSERT INTO `Prochat` (`idProfilepro`, `name`, `idUser`) VALUES (25, 'laudantium', 1);
INSERT INTO `Prochat` (`idProfilepro`, `name`, `idUser`) VALUES (26, 'odio', 8);
INSERT INTO `Prochat` (`idProfilepro`, `name`, `idUser`) VALUES (27, 'facere', 2);
INSERT INTO `Prochat` (`idProfilepro`, `name`, `idUser`) VALUES (28, 'in', 2);
INSERT INTO `Prochat` (`idProfilepro`, `name`, `idUser`) VALUES (29, 'ut', 2);
INSERT INTO `Prochat` (`idProfilepro`, `name`, `idUser`) VALUES (30, 'voluptatum', 9);
INSERT INTO `Prochat` (`idProfilepro`, `name`, `idUser`) VALUES (31, 'commodi', 1);
INSERT INTO `Prochat` (`idProfilepro`, `name`, `idUser`) VALUES (32, 'impedit', 6);
INSERT INTO `Prochat` (`idProfilepro`, `name`, `idUser`) VALUES (33, 'fugiat', 5);
INSERT INTO `Prochat` (`idProfilepro`, `name`, `idUser`) VALUES (34, 'impedit', 3);
INSERT INTO `Prochat` (`idProfilepro`, `name`, `idUser`) VALUES (35, 'explicabo', 7);
INSERT INTO `Prochat` (`idProfilepro`, `name`, `idUser`) VALUES (36, 'rerum', 7);
INSERT INTO `Prochat` (`idProfilepro`, `name`, `idUser`) VALUES (37, 'fugiat', 6);
INSERT INTO `Prochat` (`idProfilepro`, `name`, `idUser`) VALUES (38, 'ab', 3);
INSERT INTO `Prochat` (`idProfilepro`, `name`, `idUser`) VALUES (39, 'qui', 8);
INSERT INTO `Prochat` (`idProfilepro`, `name`, `idUser`) VALUES (40, 'cum', 2);
INSERT INTO `Prochat` (`idProfilepro`, `name`, `idUser`) VALUES (41, 'dolorem', 8);
INSERT INTO `Prochat` (`idProfilepro`, `name`, `idUser`) VALUES (42, 'enim', 5);
INSERT INTO `Prochat` (`idProfilepro`, `name`, `idUser`) VALUES (43, 'aspernatur', 8);
INSERT INTO `Prochat` (`idProfilepro`, `name`, `idUser`) VALUES (44, 'maiores', 2);
INSERT INTO `Prochat` (`idProfilepro`, `name`, `idUser`) VALUES (45, 'ea', 1);
INSERT INTO `Prochat` (`idProfilepro`, `name`, `idUser`) VALUES (46, 'hic', 7);
INSERT INTO `Prochat` (`idProfilepro`, `name`, `idUser`) VALUES (47, 'ea', 9);
INSERT INTO `Prochat` (`idProfilepro`, `name`, `idUser`) VALUES (48, 'tenetur', 7);
INSERT INTO `Prochat` (`idProfilepro`, `name`, `idUser`) VALUES (49, 'error', 4);
INSERT INTO `Prochat` (`idProfilepro`, `name`, `idUser`) VALUES (50, 'et', 7);
INSERT INTO `Prochat` (`idProfilepro`, `name`, `idUser`) VALUES (51, 'et', 6);
INSERT INTO `Prochat` (`idProfilepro`, `name`, `idUser`) VALUES (52, 'rerum', 5);
INSERT INTO `Prochat` (`idProfilepro`, `name`, `idUser`) VALUES (53, 'praesentium', 8);
INSERT INTO `Prochat` (`idProfilepro`, `name`, `idUser`) VALUES (54, 'accusamus', 3);
INSERT INTO `Prochat` (`idProfilepro`, `name`, `idUser`) VALUES (55, 'facilis', 6);
INSERT INTO `Prochat` (`idProfilepro`, `name`, `idUser`) VALUES (56, 'reprehenderit', 5);
INSERT INTO `Prochat` (`idProfilepro`, `name`, `idUser`) VALUES (57, 'ullam', 6);
INSERT INTO `Prochat` (`idProfilepro`, `name`, `idUser`) VALUES (58, 'dolor', 4);
INSERT INTO `Prochat` (`idProfilepro`, `name`, `idUser`) VALUES (59, 'esse', 1);
INSERT INTO `Prochat` (`idProfilepro`, `name`, `idUser`) VALUES (60, 'doloremque', 6);
INSERT INTO `Prochat` (`idProfilepro`, `name`, `idUser`) VALUES (61, 'repellat', 6);
INSERT INTO `Prochat` (`idProfilepro`, `name`, `idUser`) VALUES (62, 'asperiores', 6);
INSERT INTO `Prochat` (`idProfilepro`, `name`, `idUser`) VALUES (63, 'autem', 8);
INSERT INTO `Prochat` (`idProfilepro`, `name`, `idUser`) VALUES (64, 'dolore', 1);
INSERT INTO `Prochat` (`idProfilepro`, `name`, `idUser`) VALUES (65, 'dicta', 5);
INSERT INTO `Prochat` (`idProfilepro`, `name`, `idUser`) VALUES (66, 'esse', 1);
INSERT INTO `Prochat` (`idProfilepro`, `name`, `idUser`) VALUES (67, 'quibusdam', 6);
INSERT INTO `Prochat` (`idProfilepro`, `name`, `idUser`) VALUES (68, 'enim', 1);
INSERT INTO `Prochat` (`idProfilepro`, `name`, `idUser`) VALUES (69, 'consequatur', 6);
INSERT INTO `Prochat` (`idProfilepro`, `name`, `idUser`) VALUES (70, 'harum', 8);
INSERT INTO `Prochat` (`idProfilepro`, `name`, `idUser`) VALUES (71, 'temporibus', 5);
INSERT INTO `Prochat` (`idProfilepro`, `name`, `idUser`) VALUES (72, 'consequatur', 5);
INSERT INTO `Prochat` (`idProfilepro`, `name`, `idUser`) VALUES (73, 'dolorem', 9);
INSERT INTO `Prochat` (`idProfilepro`, `name`, `idUser`) VALUES (74, 'rerum', 4);
INSERT INTO `Prochat` (`idProfilepro`, `name`, `idUser`) VALUES (75, 'mollitia', 4);
INSERT INTO `Prochat` (`idProfilepro`, `name`, `idUser`) VALUES (76, 'est', 3);
INSERT INTO `Prochat` (`idProfilepro`, `name`, `idUser`) VALUES (77, 'harum', 3);
INSERT INTO `Prochat` (`idProfilepro`, `name`, `idUser`) VALUES (78, 'est', 7);
INSERT INTO `Prochat` (`idProfilepro`, `name`, `idUser`) VALUES (79, 'deserunt', 7);
INSERT INTO `Prochat` (`idProfilepro`, `name`, `idUser`) VALUES (80, 'esse', 4);
INSERT INTO `Prochat` (`idProfilepro`, `name`, `idUser`) VALUES (81, 'velit', 2);
INSERT INTO `Prochat` (`idProfilepro`, `name`, `idUser`) VALUES (82, 'aut', 5);
INSERT INTO `Prochat` (`idProfilepro`, `name`, `idUser`) VALUES (83, 'rerum', 3);
INSERT INTO `Prochat` (`idProfilepro`, `name`, `idUser`) VALUES (84, 'quia', 4);
INSERT INTO `Prochat` (`idProfilepro`, `name`, `idUser`) VALUES (85, 'veritatis', 3);
INSERT INTO `Prochat` (`idProfilepro`, `name`, `idUser`) VALUES (86, 'delectus', 6);
INSERT INTO `Prochat` (`idProfilepro`, `name`, `idUser`) VALUES (87, 'quidem', 4);
INSERT INTO `Prochat` (`idProfilepro`, `name`, `idUser`) VALUES (88, 'nisi', 3);
INSERT INTO `Prochat` (`idProfilepro`, `name`, `idUser`) VALUES (89, 'eos', 2);
INSERT INTO `Prochat` (`idProfilepro`, `name`, `idUser`) VALUES (90, 'unde', 4);
INSERT INTO `Prochat` (`idProfilepro`, `name`, `idUser`) VALUES (91, 'nisi', 9);
INSERT INTO `Prochat` (`idProfilepro`, `name`, `idUser`) VALUES (92, 'expedita', 8);
INSERT INTO `Prochat` (`idProfilepro`, `name`, `idUser`) VALUES (93, 'consectetur', 7);
INSERT INTO `Prochat` (`idProfilepro`, `name`, `idUser`) VALUES (94, 'autem', 4);
INSERT INTO `Prochat` (`idProfilepro`, `name`, `idUser`) VALUES (95, 'soluta', 1);
INSERT INTO `Prochat` (`idProfilepro`, `name`, `idUser`) VALUES (96, 'omnis', 8);
INSERT INTO `Prochat` (`idProfilepro`, `name`, `idUser`) VALUES (97, 'perferendis', 8);
INSERT INTO `Prochat` (`idProfilepro`, `name`, `idUser`) VALUES (98, 'ut', 3);
INSERT INTO `Prochat` (`idProfilepro`, `name`, `idUser`) VALUES (99, 'in', 6);
INSERT INTO `Prochat` (`idProfilepro`, `name`, `idUser`) VALUES (100, 'sint', 8);


#
# TABLE STRUCTURE FOR: inventar
#

DROP TABLE IF EXISTS `inventar`;

CREATE TABLE `inventar` (
  `idinventar` int(11) NOT NULL AUTO_INCREMENT,
  `idGame` int(11) NOT NULL,
  `UserId` int(11) NOT NULL,
  PRIMARY KEY (`idinventar`)
) ENGINE=InnoDB AUTO_INCREMENT=101 DEFAULT CHARSET=utf8mb4 COLLATE=utf8mb4_unicode_ci;

INSERT INTO `inventar` (`idinventar`, `idGame`, `UserId`) VALUES (1, 1, 2);
INSERT INTO `inventar` (`idinventar`, `idGame`, `UserId`) VALUES (2, 3, 5);
INSERT INTO `inventar` (`idinventar`, `idGame`, `UserId`) VALUES (3, 9, 5);
INSERT INTO `inventar` (`idinventar`, `idGame`, `UserId`) VALUES (4, 7, 9);
INSERT INTO `inventar` (`idinventar`, `idGame`, `UserId`) VALUES (5, 1, 2);
INSERT INTO `inventar` (`idinventar`, `idGame`, `UserId`) VALUES (6, 2, 5);
INSERT INTO `inventar` (`idinventar`, `idGame`, `UserId`) VALUES (7, 5, 9);
INSERT INTO `inventar` (`idinventar`, `idGame`, `UserId`) VALUES (8, 9, 7);
INSERT INTO `inventar` (`idinventar`, `idGame`, `UserId`) VALUES (9, 3, 4);
INSERT INTO `inventar` (`idinventar`, `idGame`, `UserId`) VALUES (10, 4, 5);
INSERT INTO `inventar` (`idinventar`, `idGame`, `UserId`) VALUES (11, 7, 7);
INSERT INTO `inventar` (`idinventar`, `idGame`, `UserId`) VALUES (12, 1, 0);
INSERT INTO `inventar` (`idinventar`, `idGame`, `UserId`) VALUES (13, 7, 4);
INSERT INTO `inventar` (`idinventar`, `idGame`, `UserId`) VALUES (14, 1, 3);
INSERT INTO `inventar` (`idinventar`, `idGame`, `UserId`) VALUES (15, 4, 8);
INSERT INTO `inventar` (`idinventar`, `idGame`, `UserId`) VALUES (16, 7, 6);
INSERT INTO `inventar` (`idinventar`, `idGame`, `UserId`) VALUES (17, 5, 3);
INSERT INTO `inventar` (`idinventar`, `idGame`, `UserId`) VALUES (18, 2, 9);
INSERT INTO `inventar` (`idinventar`, `idGame`, `UserId`) VALUES (19, 6, 1);
INSERT INTO `inventar` (`idinventar`, `idGame`, `UserId`) VALUES (20, 1, 5);
INSERT INTO `inventar` (`idinventar`, `idGame`, `UserId`) VALUES (21, 6, 4);
INSERT INTO `inventar` (`idinventar`, `idGame`, `UserId`) VALUES (22, 6, 6);
INSERT INTO `inventar` (`idinventar`, `idGame`, `UserId`) VALUES (23, 1, 5);
INSERT INTO `inventar` (`idinventar`, `idGame`, `UserId`) VALUES (24, 2, 4);
INSERT INTO `inventar` (`idinventar`, `idGame`, `UserId`) VALUES (25, 6, 4);
INSERT INTO `inventar` (`idinventar`, `idGame`, `UserId`) VALUES (26, 5, 2);
INSERT INTO `inventar` (`idinventar`, `idGame`, `UserId`) VALUES (27, 2, 3);
INSERT INTO `inventar` (`idinventar`, `idGame`, `UserId`) VALUES (28, 1, 2);
INSERT INTO `inventar` (`idinventar`, `idGame`, `UserId`) VALUES (29, 9, 5);
INSERT INTO `inventar` (`idinventar`, `idGame`, `UserId`) VALUES (30, 7, 9);
INSERT INTO `inventar` (`idinventar`, `idGame`, `UserId`) VALUES (31, 8, 6);
INSERT INTO `inventar` (`idinventar`, `idGame`, `UserId`) VALUES (32, 3, 4);
INSERT INTO `inventar` (`idinventar`, `idGame`, `UserId`) VALUES (33, 7, 5);
INSERT INTO `inventar` (`idinventar`, `idGame`, `UserId`) VALUES (34, 9, 4);
INSERT INTO `inventar` (`idinventar`, `idGame`, `UserId`) VALUES (35, 2, 8);
INSERT INTO `inventar` (`idinventar`, `idGame`, `UserId`) VALUES (36, 8, 8);
INSERT INTO `inventar` (`idinventar`, `idGame`, `UserId`) VALUES (37, 7, 2);
INSERT INTO `inventar` (`idinventar`, `idGame`, `UserId`) VALUES (38, 8, 3);
INSERT INTO `inventar` (`idinventar`, `idGame`, `UserId`) VALUES (39, 3, 3);
INSERT INTO `inventar` (`idinventar`, `idGame`, `UserId`) VALUES (40, 3, 9);
INSERT INTO `inventar` (`idinventar`, `idGame`, `UserId`) VALUES (41, 7, 7);
INSERT INTO `inventar` (`idinventar`, `idGame`, `UserId`) VALUES (42, 9, 5);
INSERT INTO `inventar` (`idinventar`, `idGame`, `UserId`) VALUES (43, 3, 4);
INSERT INTO `inventar` (`idinventar`, `idGame`, `UserId`) VALUES (44, 4, 1);
INSERT INTO `inventar` (`idinventar`, `idGame`, `UserId`) VALUES (45, 5, 1);
INSERT INTO `inventar` (`idinventar`, `idGame`, `UserId`) VALUES (46, 6, 7);
INSERT INTO `inventar` (`idinventar`, `idGame`, `UserId`) VALUES (47, 3, 9);
INSERT INTO `inventar` (`idinventar`, `idGame`, `UserId`) VALUES (48, 2, 1);
INSERT INTO `inventar` (`idinventar`, `idGame`, `UserId`) VALUES (49, 4, 5);
INSERT INTO `inventar` (`idinventar`, `idGame`, `UserId`) VALUES (50, 9, 2);
INSERT INTO `inventar` (`idinventar`, `idGame`, `UserId`) VALUES (51, 8, 7);
INSERT INTO `inventar` (`idinventar`, `idGame`, `UserId`) VALUES (52, 9, 5);
INSERT INTO `inventar` (`idinventar`, `idGame`, `UserId`) VALUES (53, 3, 3);
INSERT INTO `inventar` (`idinventar`, `idGame`, `UserId`) VALUES (54, 6, 8);
INSERT INTO `inventar` (`idinventar`, `idGame`, `UserId`) VALUES (55, 5, 9);
INSERT INTO `inventar` (`idinventar`, `idGame`, `UserId`) VALUES (56, 9, 5);
INSERT INTO `inventar` (`idinventar`, `idGame`, `UserId`) VALUES (57, 5, 3);
INSERT INTO `inventar` (`idinventar`, `idGame`, `UserId`) VALUES (58, 6, 5);
INSERT INTO `inventar` (`idinventar`, `idGame`, `UserId`) VALUES (59, 7, 3);
INSERT INTO `inventar` (`idinventar`, `idGame`, `UserId`) VALUES (60, 1, 6);
INSERT INTO `inventar` (`idinventar`, `idGame`, `UserId`) VALUES (61, 1, 9);
INSERT INTO `inventar` (`idinventar`, `idGame`, `UserId`) VALUES (62, 3, 7);
INSERT INTO `inventar` (`idinventar`, `idGame`, `UserId`) VALUES (63, 6, 5);
INSERT INTO `inventar` (`idinventar`, `idGame`, `UserId`) VALUES (64, 4, 6);
INSERT INTO `inventar` (`idinventar`, `idGame`, `UserId`) VALUES (65, 5, 5);
INSERT INTO `inventar` (`idinventar`, `idGame`, `UserId`) VALUES (66, 6, 2);
INSERT INTO `inventar` (`idinventar`, `idGame`, `UserId`) VALUES (67, 6, 6);
INSERT INTO `inventar` (`idinventar`, `idGame`, `UserId`) VALUES (68, 6, 2);
INSERT INTO `inventar` (`idinventar`, `idGame`, `UserId`) VALUES (69, 2, 6);
INSERT INTO `inventar` (`idinventar`, `idGame`, `UserId`) VALUES (70, 1, 0);
INSERT INTO `inventar` (`idinventar`, `idGame`, `UserId`) VALUES (71, 7, 3);
INSERT INTO `inventar` (`idinventar`, `idGame`, `UserId`) VALUES (72, 9, 3);
INSERT INTO `inventar` (`idinventar`, `idGame`, `UserId`) VALUES (73, 8, 7);
INSERT INTO `inventar` (`idinventar`, `idGame`, `UserId`) VALUES (74, 6, 8);
INSERT INTO `inventar` (`idinventar`, `idGame`, `UserId`) VALUES (75, 9, 9);
INSERT INTO `inventar` (`idinventar`, `idGame`, `UserId`) VALUES (76, 8, 2);
INSERT INTO `inventar` (`idinventar`, `idGame`, `UserId`) VALUES (77, 2, 6);
INSERT INTO `inventar` (`idinventar`, `idGame`, `UserId`) VALUES (78, 8, 7);
INSERT INTO `inventar` (`idinventar`, `idGame`, `UserId`) VALUES (79, 9, 8);
INSERT INTO `inventar` (`idinventar`, `idGame`, `UserId`) VALUES (80, 1, 0);
INSERT INTO `inventar` (`idinventar`, `idGame`, `UserId`) VALUES (81, 7, 8);
INSERT INTO `inventar` (`idinventar`, `idGame`, `UserId`) VALUES (82, 3, 8);
INSERT INTO `inventar` (`idinventar`, `idGame`, `UserId`) VALUES (83, 2, 5);
INSERT INTO `inventar` (`idinventar`, `idGame`, `UserId`) VALUES (84, 7, 5);
INSERT INTO `inventar` (`idinventar`, `idGame`, `UserId`) VALUES (85, 1, 7);
INSERT INTO `inventar` (`idinventar`, `idGame`, `UserId`) VALUES (86, 9, 4);
INSERT INTO `inventar` (`idinventar`, `idGame`, `UserId`) VALUES (87, 4, 7);
INSERT INTO `inventar` (`idinventar`, `idGame`, `UserId`) VALUES (88, 9, 1);
INSERT INTO `inventar` (`idinventar`, `idGame`, `UserId`) VALUES (89, 7, 0);
INSERT INTO `inventar` (`idinventar`, `idGame`, `UserId`) VALUES (90, 4, 9);
INSERT INTO `inventar` (`idinventar`, `idGame`, `UserId`) VALUES (91, 9, 7);
INSERT INTO `inventar` (`idinventar`, `idGame`, `UserId`) VALUES (92, 4, 6);
INSERT INTO `inventar` (`idinventar`, `idGame`, `UserId`) VALUES (93, 1, 7);
INSERT INTO `inventar` (`idinventar`, `idGame`, `UserId`) VALUES (94, 2, 9);
INSERT INTO `inventar` (`idinventar`, `idGame`, `UserId`) VALUES (95, 1, 9);
INSERT INTO `inventar` (`idinventar`, `idGame`, `UserId`) VALUES (96, 6, 4);
INSERT INTO `inventar` (`idinventar`, `idGame`, `UserId`) VALUES (97, 3, 9);
INSERT INTO `inventar` (`idinventar`, `idGame`, `UserId`) VALUES (98, 9, 5);
INSERT INTO `inventar` (`idinventar`, `idGame`, `UserId`) VALUES (99, 3, 1);
INSERT INTO `inventar` (`idinventar`, `idGame`, `UserId`) VALUES (100, 4, 3);


#
# TABLE STRUCTURE FOR: videoGames
#

DROP TABLE IF EXISTS `videoGames`;

CREATE TABLE `videoGames` (
  `idGame` int(11) NOT NULL AUTO_INCREMENT,
  `name` varchar(45) COLLATE utf8mb4_unicode_ci NOT NULL,
  `polnot` int(11) NOT NULL,
  PRIMARY KEY (`idGame`)
) ENGINE=InnoDB AUTO_INCREMENT=101 DEFAULT CHARSET=utf8mb4 COLLATE=utf8mb4_unicode_ci;

INSERT INTO `videoGames` (`idGame`, `name`, `polnot`) VALUES (1, 'voluptatem', 0);
INSERT INTO `videoGames` (`idGame`, `name`, `polnot`) VALUES (2, 'minima', 0);
INSERT INTO `videoGames` (`idGame`, `name`, `polnot`) VALUES (3, 'qui', 0);
INSERT INTO `videoGames` (`idGame`, `name`, `polnot`) VALUES (4, 'eum', 0);
INSERT INTO `videoGames` (`idGame`, `name`, `polnot`) VALUES (5, 'accusamus', 0);
INSERT INTO `videoGames` (`idGame`, `name`, `polnot`) VALUES (6, 'quam', 0);
INSERT INTO `videoGames` (`idGame`, `name`, `polnot`) VALUES (7, 'enim', 0);
INSERT INTO `videoGames` (`idGame`, `name`, `polnot`) VALUES (8, 'iure', 0);
INSERT INTO `videoGames` (`idGame`, `name`, `polnot`) VALUES (9, 'voluptatem', 0);
INSERT INTO `videoGames` (`idGame`, `name`, `polnot`) VALUES (10, 'sit', 0);
INSERT INTO `videoGames` (`idGame`, `name`, `polnot`) VALUES (11, 'doloribus', 0);
INSERT INTO `videoGames` (`idGame`, `name`, `polnot`) VALUES (12, 'molestias', 0);
INSERT INTO `videoGames` (`idGame`, `name`, `polnot`) VALUES (13, 'voluptate', 0);
INSERT INTO `videoGames` (`idGame`, `name`, `polnot`) VALUES (14, 'assumenda', 0);
INSERT INTO `videoGames` (`idGame`, `name`, `polnot`) VALUES (15, 'alias', 0);
INSERT INTO `videoGames` (`idGame`, `name`, `polnot`) VALUES (16, 'perferendis', 0);
INSERT INTO `videoGames` (`idGame`, `name`, `polnot`) VALUES (17, 'perferendis', 0);
INSERT INTO `videoGames` (`idGame`, `name`, `polnot`) VALUES (18, 'sed', 0);
INSERT INTO `videoGames` (`idGame`, `name`, `polnot`) VALUES (19, 'voluptate', 0);
INSERT INTO `videoGames` (`idGame`, `name`, `polnot`) VALUES (20, 'alias', 0);
INSERT INTO `videoGames` (`idGame`, `name`, `polnot`) VALUES (21, 'asperiores', 0);
INSERT INTO `videoGames` (`idGame`, `name`, `polnot`) VALUES (22, 'a', 0);
INSERT INTO `videoGames` (`idGame`, `name`, `polnot`) VALUES (23, 'inventore', 0);
INSERT INTO `videoGames` (`idGame`, `name`, `polnot`) VALUES (24, 'id', 0);
INSERT INTO `videoGames` (`idGame`, `name`, `polnot`) VALUES (25, 'a', 0);
INSERT INTO `videoGames` (`idGame`, `name`, `polnot`) VALUES (26, 'itaque', 0);
INSERT INTO `videoGames` (`idGame`, `name`, `polnot`) VALUES (27, 'pariatur', 0);
INSERT INTO `videoGames` (`idGame`, `name`, `polnot`) VALUES (28, 'eveniet', 0);
INSERT INTO `videoGames` (`idGame`, `name`, `polnot`) VALUES (29, 'quis', 0);
INSERT INTO `videoGames` (`idGame`, `name`, `polnot`) VALUES (30, 'sit', 0);
INSERT INTO `videoGames` (`idGame`, `name`, `polnot`) VALUES (31, 'modi', 0);
INSERT INTO `videoGames` (`idGame`, `name`, `polnot`) VALUES (32, 'autem', 0);
INSERT INTO `videoGames` (`idGame`, `name`, `polnot`) VALUES (33, 'et', 0);
INSERT INTO `videoGames` (`idGame`, `name`, `polnot`) VALUES (34, 'et', 0);
INSERT INTO `videoGames` (`idGame`, `name`, `polnot`) VALUES (35, 'nemo', 0);
INSERT INTO `videoGames` (`idGame`, `name`, `polnot`) VALUES (36, 'at', 0);
INSERT INTO `videoGames` (`idGame`, `name`, `polnot`) VALUES (37, 'necessitatibus', 0);
INSERT INTO `videoGames` (`idGame`, `name`, `polnot`) VALUES (38, 'aperiam', 0);
INSERT INTO `videoGames` (`idGame`, `name`, `polnot`) VALUES (39, 'sint', 0);
INSERT INTO `videoGames` (`idGame`, `name`, `polnot`) VALUES (40, 'nihil', 0);
INSERT INTO `videoGames` (`idGame`, `name`, `polnot`) VALUES (41, 'voluptas', 0);
INSERT INTO `videoGames` (`idGame`, `name`, `polnot`) VALUES (42, 'qui', 0);
INSERT INTO `videoGames` (`idGame`, `name`, `polnot`) VALUES (43, 'blanditiis', 0);
INSERT INTO `videoGames` (`idGame`, `name`, `polnot`) VALUES (44, 'laudantium', 0);
INSERT INTO `videoGames` (`idGame`, `name`, `polnot`) VALUES (45, 'veritatis', 0);
INSERT INTO `videoGames` (`idGame`, `name`, `polnot`) VALUES (46, 'impedit', 0);
INSERT INTO `videoGames` (`idGame`, `name`, `polnot`) VALUES (47, 'ut', 0);
INSERT INTO `videoGames` (`idGame`, `name`, `polnot`) VALUES (48, 'tempore', 0);
INSERT INTO `videoGames` (`idGame`, `name`, `polnot`) VALUES (49, 'repellendus', 0);
INSERT INTO `videoGames` (`idGame`, `name`, `polnot`) VALUES (50, 'reiciendis', 0);
INSERT INTO `videoGames` (`idGame`, `name`, `polnot`) VALUES (51, 'id', 0);
INSERT INTO `videoGames` (`idGame`, `name`, `polnot`) VALUES (52, 'eveniet', 0);
INSERT INTO `videoGames` (`idGame`, `name`, `polnot`) VALUES (53, 'quod', 0);
INSERT INTO `videoGames` (`idGame`, `name`, `polnot`) VALUES (54, 'quos', 0);
INSERT INTO `videoGames` (`idGame`, `name`, `polnot`) VALUES (55, 'ut', 0);
INSERT INTO `videoGames` (`idGame`, `name`, `polnot`) VALUES (56, 'a', 0);
INSERT INTO `videoGames` (`idGame`, `name`, `polnot`) VALUES (57, 'sint', 0);
INSERT INTO `videoGames` (`idGame`, `name`, `polnot`) VALUES (58, 'quaerat', 0);
INSERT INTO `videoGames` (`idGame`, `name`, `polnot`) VALUES (59, 'harum', 0);
INSERT INTO `videoGames` (`idGame`, `name`, `polnot`) VALUES (60, 'fugit', 0);
INSERT INTO `videoGames` (`idGame`, `name`, `polnot`) VALUES (61, 'itaque', 0);
INSERT INTO `videoGames` (`idGame`, `name`, `polnot`) VALUES (62, 'perferendis', 0);
INSERT INTO `videoGames` (`idGame`, `name`, `polnot`) VALUES (63, 'vel', 0);
INSERT INTO `videoGames` (`idGame`, `name`, `polnot`) VALUES (64, 'nihil', 0);
INSERT INTO `videoGames` (`idGame`, `name`, `polnot`) VALUES (65, 'molestias', 0);
INSERT INTO `videoGames` (`idGame`, `name`, `polnot`) VALUES (66, 'unde', 0);
INSERT INTO `videoGames` (`idGame`, `name`, `polnot`) VALUES (67, 'totam', 0);
INSERT INTO `videoGames` (`idGame`, `name`, `polnot`) VALUES (68, 'ipsam', 0);
INSERT INTO `videoGames` (`idGame`, `name`, `polnot`) VALUES (69, 'illum', 0);
INSERT INTO `videoGames` (`idGame`, `name`, `polnot`) VALUES (70, 'illum', 0);
INSERT INTO `videoGames` (`idGame`, `name`, `polnot`) VALUES (71, 'et', 0);
INSERT INTO `videoGames` (`idGame`, `name`, `polnot`) VALUES (72, 'omnis', 0);
INSERT INTO `videoGames` (`idGame`, `name`, `polnot`) VALUES (73, 'molestiae', 0);
INSERT INTO `videoGames` (`idGame`, `name`, `polnot`) VALUES (74, 'doloremque', 0);
INSERT INTO `videoGames` (`idGame`, `name`, `polnot`) VALUES (75, 'laudantium', 0);
INSERT INTO `videoGames` (`idGame`, `name`, `polnot`) VALUES (76, 'fugit', 0);
INSERT INTO `videoGames` (`idGame`, `name`, `polnot`) VALUES (77, 'est', 0);
INSERT INTO `videoGames` (`idGame`, `name`, `polnot`) VALUES (78, 'ex', 0);
INSERT INTO `videoGames` (`idGame`, `name`, `polnot`) VALUES (79, 'libero', 0);
INSERT INTO `videoGames` (`idGame`, `name`, `polnot`) VALUES (80, 'voluptas', 0);
INSERT INTO `videoGames` (`idGame`, `name`, `polnot`) VALUES (81, 'qui', 0);
INSERT INTO `videoGames` (`idGame`, `name`, `polnot`) VALUES (82, 'non', 0);
INSERT INTO `videoGames` (`idGame`, `name`, `polnot`) VALUES (83, 'dicta', 0);
INSERT INTO `videoGames` (`idGame`, `name`, `polnot`) VALUES (84, 'id', 0);
INSERT INTO `videoGames` (`idGame`, `name`, `polnot`) VALUES (85, 'delectus', 0);
INSERT INTO `videoGames` (`idGame`, `name`, `polnot`) VALUES (86, 'aperiam', 0);
INSERT INTO `videoGames` (`idGame`, `name`, `polnot`) VALUES (87, 'quia', 0);
INSERT INTO `videoGames` (`idGame`, `name`, `polnot`) VALUES (88, 'incidunt', 0);
INSERT INTO `videoGames` (`idGame`, `name`, `polnot`) VALUES (89, 'sunt', 0);
INSERT INTO `videoGames` (`idGame`, `name`, `polnot`) VALUES (90, 'iste', 0);
INSERT INTO `videoGames` (`idGame`, `name`, `polnot`) VALUES (91, 'qui', 0);
INSERT INTO `videoGames` (`idGame`, `name`, `polnot`) VALUES (92, 'ut', 0);
INSERT INTO `videoGames` (`idGame`, `name`, `polnot`) VALUES (93, 'et', 0);
INSERT INTO `videoGames` (`idGame`, `name`, `polnot`) VALUES (94, 'explicabo', 0);
INSERT INTO `videoGames` (`idGame`, `name`, `polnot`) VALUES (95, 'velit', 0);
INSERT INTO `videoGames` (`idGame`, `name`, `polnot`) VALUES (96, 'labore', 0);
INSERT INTO `videoGames` (`idGame`, `name`, `polnot`) VALUES (97, 'nihil', 0);
INSERT INTO `videoGames` (`idGame`, `name`, `polnot`) VALUES (98, 'in', 0);
INSERT INTO `videoGames` (`idGame`, `name`, `polnot`) VALUES (99, 'corrupti', 0);
INSERT INTO `videoGames` (`idGame`, `name`, `polnot`) VALUES (100, 'ipsam', 0);


